season,team,team_id,playoff_games,playoff_wins,playoff_losses,playoff_win_pct,total_fga,total_fg3a,share_3pt,share_2pt,fg_pct,fg3_pct,fg2_pct,ts_pct,avg_3pa,avg_pts
2006,Chicago Bulls,1610612741,6,2,4,0.3333333333333333,458,119,0.259825327510917,0.740174672489083,0.44541484716157204,0.3949579831932773,0.4631268436578171,0.5482456140350876,19.833333333333332,98.33333333333333
2006,Cleveland Cavaliers,1610612739,13,7,6,0.5384615384615384,999,172,0.17217217217217218,0.8278278278278278,0.43743743743743746,0.31976744186046513,0.4619105199516324,0.5150436581688117,13.23076923076923,90.38461538461539
2006,Dallas Mavericks,1610612742,23,14,9,0.6086956521739131,1842,347,0.18838219326818675,0.8116178067318133,0.4511400651465798,0.3170028818443804,0.4822742474916388,0.5395615768181391,15.086956521739129,99.73913043478261
2006,Denver Nuggets,1610612743,5,1,4,0.2,429,68,0.1585081585081585,0.8414918414918415,0.37995337995337997,0.22058823529411764,0.4099722991689751,0.44859160712819246,13.6,87.4
2006,Detroit Pistons,1610612765,18,10,8,0.5555555555555556,1338,333,0.24887892376681614,0.7511210762331838,0.4319880418535127,0.37237237237237236,0.45174129353233833,0.5278851321952344,18.5,91.66666666666667
2006,Indiana Pacers,1610612754,6,2,4,0.3333333333333333,422,117,0.2772511848341232,0.7227488151658767,0.4431279620853081,0.3418803418803419,0.4819672131147541,0.5428177914607469,19.5,89.33333333333333
2006,Los Angeles Clippers,1610612746,12,7,5,0.5833333333333334,969,143,0.1475748194014448,0.8524251805985552,0.49122807017543857,0.3776223776223776,0.5108958837772397,0.571047701397896,11.916666666666666,105.66666666666667
2006,Los Angeles Lakers,1610612747,7,3,4,0.42857142857142855,582,150,0.25773195876288657,0.7422680412371134,0.4536082474226804,0.3333333333333333,0.49537037037037035,0.5377329666972197,21.428571428571427,100.57142857142857
2006,Memphis Grizzlies,1610612763,4,0,4,0,266,48,0.18045112781954886,0.8195488721804511,0.45112781954887216,0.3125,0.481651376146789,0.5337007474977828,12,84.25
2006,Miami Heat,1610612748,23,16,7,0.6956521739130435,1666,439,0.2635054021608643,0.7364945978391356,0.4807923169267707,0.3325740318906606,0.5338223308883455,0.5594186493096968,19.08695652173913,96.26086956521739
2006,Milwaukee Bucks,1610612749,5,1,4,0.2,401,62,0.1546134663341646,0.8453865336658354,0.4713216957605985,0.41935483870967744,0.4808259587020649,0.5445456168541332,12.4,97.6
2006,New Jersey Nets,1610612751,11,5,6,0.45454545454545453,834,192,0.2302158273381295,0.7697841726618705,0.4520383693045564,0.3072916666666667,0.4953271028037383,0.5379470776388484,17.454545454545453,94.18181818181819
2006,Phoenix Suns,1610612756,20,10,10,0.5,1661,470,0.28296207104154125,0.7170379289584587,0.4822396146899458,0.39148936170212767,0.5180520570948782,0.5792590671335323,23.5,107.2
2006,Sacramento Kings,1610612758,6,2,4,0.3333333333333333,469,94,0.20042643923240938,0.7995735607675906,0.44349680170575695,0.32978723404255317,0.472,0.535661872615204,15.666666666666666,97.33333333333333
2006,San Antonio Spurs,1610612759,13,7,6,0.5384615384615384,963,199,0.2066458982346833,0.7933541017653167,0.49221183800623053,0.39195979899497485,0.518324607329843,0.5873277464146708,15.307692307692308,103.07692307692308
2006,Washington Wizards,1610612764,6,2,4,0.3333333333333333,472,115,0.24364406779661016,0.7563559322033898,0.4491525423728814,0.3217391304347826,0.49019607843137253,0.5446428571428571,19.166666666666668,101.66666666666667
2007,Chicago Bulls,1610612741,10,6,4,0.6,756,166,0.21957671957671956,0.7804232804232805,0.4298941798941799,0.35542168674698793,0.45084745762711864,0.521562429442312,16.6,92.4
2007,Cleveland Cavaliers,1610612739,20,12,8,0.6,1526,331,0.21690694626474444,0.7830930537352556,0.42070773263433814,0.32628398791540786,0.44686192468619246,0.5059137212005197,16.55,88.8
2007,Dallas Mavericks,1610612742,6,2,4,0.3333333333333333,485,133,0.27422680412371137,0.7257731958762886,0.422680412371134,0.3157894736842105,0.4630681818181818,0.5237504431052817,22.166666666666668,98.5
2007,Denver Nuggets,1610612743,5,1,4,0.2,397,72,0.181360201511335,0.818639798488665,0.42317380352644834,0.3194444444444444,0.4461538461538462,0.4975180505415162,14.4,88.2
2007,Detroit Pistons,1610612765,16,10,6,0.625,1216,266,0.21875,0.78125,0.4300986842105263,0.34962406015037595,0.45263157894736844,0.5216807970083641,16.625,91.375
2007,Golden State Warriors,1610612744,11,5,6,0.45454545454545453,893,341,0.3818589025755879,0.6181410974244121,0.4501679731243001,0.35777126099706746,0.5072463768115942,0.5634871834287691,31,106.63636363636364
2007,Houston Rockets,1610612745,7,3,4,0.42857142857142855,507,156,0.3076923076923077,0.6923076923076923,0.41025641025641024,0.32051282051282054,0.45014245014245013,0.5195931696033743,22.285714285714285,87.28571428571429
2007,Los Angeles Lakers,1610612747,5,1,4,0.2,430,99,0.2302325581395349,0.7697674418604651,0.4418604651162791,0.32323232323232326,0.4773413897280967,0.5130675154967331,19.8,98
2007,Miami Heat,1610612748,4,0,4,0,299,68,0.22742474916387959,0.7725752508361204,0.44481605351170567,0.3235294117647059,0.4805194805194805,0.5115863500115286,17,88.75
2007,New Jersey Nets,1610612751,12,6,6,0.5,880,250,0.2840909090909091,0.7159090909090909,0.44431818181818183,0.368,0.4746031746031746,0.539274322169059,20.833333333333332,90.16666666666667
2007,Orlando Magic,1610612753,4,0,4,0,289,29,0.10034602076124567,0.8996539792387543,0.47750865051903113,0.3448275862068966,0.49230769230769234,0.5189291189998821,7.25,88
2007,Phoenix Suns,1610612756,11,6,5,0.5454545454545454,900,206,0.2288888888888889,0.7711111111111111,0.4766666666666667,0.3786407766990291,0.5057636887608069,0.5624214083621503,18.727272727272727,104.0909090909091
2007,San Antonio Spurs,1610612759,20,16,4,0.8,1535,393,0.25602605863192185,0.7439739413680782,0.4592833876221498,0.3842239185750636,0.4851138353765324,0.5469339676585623,19.65,95.65
2007,Toronto Raptors,1610612761,6,2,4,0.3333333333333333,441,87,0.19727891156462585,0.8027210884353742,0.4421768707482993,0.367816091954023,0.4604519774011299,0.5360796348756689,14.5,90.83333333333333
2007,Utah Jazz,1610612762,17,9,8,0.5294117647058824,1350,214,0.15851851851851853,0.8414814814814815,0.4585185185185185,0.3411214953271028,0.48063380281690143,0.5342785954637693,12.588235294117647,97.88235294117646
2007,Washington Wizards,1610612764,4,0,4,0,332,82,0.2469879518072289,0.7530120481927711,0.4126506024096386,0.3048780487804878,0.448,0.494220589823917,20.5,91.5
2008,Atlanta Hawks,1610612737,7,3,4,0.42857142857142855,499,87,0.1743486973947896,0.8256513026052105,0.41082164328657317,0.3218390804597701,0.42961165048543687,0.5119167505874455,12.428571428571429,87.14285714285714
2008,Boston Celtics,1610612738,26,16,10,0.6153846153846154,1953,437,0.22375832053251407,0.7762416794674859,0.4470046082949309,0.35926773455377575,0.47229551451187335,0.5414170772338992,16.807692307692307,94
2008,Cleveland Cavaliers,1610612739,13,7,6,0.5384615384615384,963,252,0.2616822429906542,0.7383177570093458,0.4195223260643821,0.34523809523809523,0.44585091420534456,0.5171651035215006,19.384615384615383,89.92307692307692
2008,Dallas Mavericks,1610612742,5,1,4,0.2,394,104,0.2639593908629442,0.7360406091370558,0.4010152284263959,0.34615384615384615,0.4206896551724138,0.5108695652173912,20.8,94
2008,Denver Nuggets,1610612743,4,0,4,0,354,72,0.2033898305084746,0.7966101694915254,0.4265536723163842,0.25,0.4716312056737589,0.50118506814141806,18,101.5
2008,Detroit Pistons,1610612765,17,10,7,0.5882352941176471,1266,226,0.17851500789889416,0.8214849921011058,0.4549763033175355,0.3407079646017699,0.4798076923076923,0.5380141254673867,13.294117647058824,91.41176470588235
2008,Houston Rockets,1610612745,6,2,4,0.3333333333333333,472,120,0.2542372881355932,0.7457627118644068,0.4088983050847458,0.2916666666666667,0.44886363636363635,0.4879130627633621,20,88
2008,Los Angeles Lakers,1610612747,21,14,7,0.6666666666666666,1651,398,0.24106602059357965,0.7589339794064204,0.467595396729255,0.36683417085427134,0.49960095770151636,0.5600745724581832,18.952380952380953,102.42857142857143
2008,New Orleans Hornets,1610612740,12,7,5,0.5833333333333334,972,168,0.1728395061728395,0.8271604938271605,0.46399176954732513,0.4107142857142857,0.47512437810945274,0.5371111852593333,14,96.58333333333333
2008,Orlando Magic,1610612753,10,5,5,0.5,754,253,0.33554376657824936,0.6644562334217506,0.46949602122015915,0.3557312252964427,0.5269461077844312,0.5639316080472052,25.3,97.1
2008,Philadelphia 76ers,1610612755,6,2,4,0.3333333333333333,448,47,0.10491071428571429,0.8950892857142857,0.4174107142857143,0.23404255319148937,0.4389027431421446,0.48842943854324733,7.833333333333333,85.83333333333333
2008,Phoenix Suns,1610612756,5,1,4,0.2,412,74,0.1796116504854369,0.8203883495145631,0.46116504854368934,0.33783783783783783,0.4881656804733728,0.5241396592048112,14.8,100.4
2008,San Antonio Spurs,1610612759,17,9,8,0.5294117647058824,1355,341,0.25166051660516603,0.7483394833948339,0.44575645756457566,0.375366568914956,0.46942800788954636,0.5293580168441124,20.058823529411764,94.05882352941177
2008,Toronto Raptors,1610612761,5,1,4,0.2,428,120,0.2803738317757009,0.719626168224299,0.43457943925233644,0.35,0.4675324675324675,0.528453555631167,24,99.4
2008,Utah Jazz,1610612762,12,6,6,0.5,982,200,0.20366598778004075,0.7963340122199593,0.445010183299389,0.35,0.46930946291560105,0.5277619691257025,16.666666666666668,98.91666666666667
2008,Washington Wizards,1610612764,6,2,4,0.3333333333333333,451,118,0.2616407982261641,0.738359201773836,0.42572062084257206,0.3050847457627119,0.46846846846846846,0.524111001592236,19.666666666666668,92.16666666666667
2009,Atlanta Hawks,1610612737,11,4,7,0.36363636363636365,810,193,0.2382716049382716,0.7617283950617284,0.408641975308642,0.3471502590673575,0.42787682333873583,0.4993083174822756,17.545454545454547,84
2009,Boston Celtics,1610612738,14,7,7,0.5,1177,261,0.221750212404418,0.7782497875955819,0.44519966015293116,0.36015325670498083,0.46943231441048033,0.5347153668970056,18.642857142857142,102.14285714285714
2009,Chicago Bulls,1610612741,7,3,4,0.42857142857142855,610,135,0.22131147540983606,0.7786885245901639,0.44098360655737706,0.37777777777777777,0.4589473684210526,0.5399168043763177,19.285714285714285,108.28571428571429
2009,Cleveland Cavaliers,1610612739,14,10,4,0.7142857142857143,1052,277,0.2633079847908745,0.7366920152091255,0.4629277566539924,0.33574007220216606,0.5083870967741936,0.5555917092376272,19.785714285714285,97.57142857142857
2009,Dallas Mavericks,1610612742,10,5,5,0.5,757,206,0.27212681638044917,0.7278731836195509,0.4702774108322325,0.35436893203883496,0.5136116152450091,0.5759898408091069,20.6,101.6
2009,Denver Nuggets,1610612743,16,10,6,0.625,1255,337,0.2685258964143426,0.7314741035856573,0.4749003984063745,0.3827893175074184,0.5087145969498911,0.5793746645195921,21.0625,107.9375
2009,Detroit Pistons,1610612765,4,0,4,0,308,49,0.1590909090909091,0.8409090909090909,0.4090909090909091,0.24489795918367346,0.44015444015444016,0.4677380666826577,12.25,78
2009,Houston Rockets,1610612745,13,7,6,0.5384615384615384,989,262,0.2649140546006067,0.7350859453993933,0.44691607684529827,0.3282442748091603,0.4896836313617607,0.5334709260588658,20.153846153846153,91.46153846153847
2009,Los Angeles Lakers,1610612747,23,16,7,0.6956521739130435,1852,424,0.22894168466522677,0.7710583153347732,0.46490280777537796,0.37735849056603776,0.49089635854341734,0.5526819743536789,18.434782608695652,102.3913043478261
2009,Miami Heat,1610612748,7,3,4,0.42857142857142855,487,140,0.2874743326488706,0.7125256673511293,0.44969199178644764,0.35714285714285715,0.48703170028818443,0.5543376698052181,20,88.14285714285714
2009,New Orleans Hornets,1610612740,5,1,4,0.2,351,92,0.2621082621082621,0.7378917378917379,0.396011396011396,0.32608695652173914,0.42084942084942084,0.5101793504604945,18.4,84.2
2009,Orlando Magic,1610612753,24,13,11,0.5416666666666666,1810,559,0.30883977900552484,0.6911602209944752,0.4574585635359116,0.3595706618962433,0.5011990407673861,0.5549884566217015,23.291666666666668,96.95833333333333
2009,Philadelphia 76ers,1610612755,6,2,4,0.3333333333333333,450,95,0.2111111111111111,0.7888888888888889,0.4533333333333333,0.3684210526315789,0.476056338028169,0.5262010464563184,15.833333333333334,88.5
2009,Portland Trail Blazers,1610612757,6,2,4,0.3333333333333333,447,85,0.19015659955257272,0.8098434004474273,0.44742729306487694,0.38823529411764707,0.4613259668508287,0.5241321253908442,14.166666666666666,87.16666666666667
2009,San Antonio Spurs,1610612759,5,1,4,0.2,383,88,0.2297650130548303,0.7702349869451697,0.45691906005221933,0.32954545454545453,0.49491525423728816,0.5276428838251773,17.6,90.4
2009,Utah Jazz,1610612762,5,1,4,0.2,405,73,0.18024691358024691,0.8197530864197531,0.43209876543209874,0.3424657534246575,0.45180722891566266,0.5165026302392669,14.6,97.4
2010,Atlanta Hawks,1610612737,11,4,7,0.36363636363636365,876,150,0.17123287671232876,0.8287671232876712,0.4246575342465753,0.3333333333333333,0.44352617079889806,0.5007735526422931,13.636363636363637,89.45454545454545
2010,Boston Celtics,1610612738,24,15,9,0.625,1816,383,0.21090308370044053,0.7890969162995595,0.45319383259911894,0.3629242819843342,0.47732030704815076,0.5393048640367676,15.958333333333334,93.875
2010,Charlotte Bobcats,1610612766,4,0,4,0,282,68,0.24113475177304963,0.7588652482269503,0.4432624113475177,0.27941176470588236,0.4953271028037383,0.5231277533039648,17,85.5
2010,Chicago Bulls,1610612741,5,1,4,0.2,431,54,0.12529002320185614,0.8747099767981439,0.4385150812064965,0.2962962962962963,0.4588859416445623,0.5039903566381245,10.8,97
2010,Cleveland Cavaliers,1610612739,11,6,5,0.5454545454545454,819,227,0.2771672771672772,0.7228327228327228,0.46886446886446886,0.34801762114537443,0.5152027027027027,0.5678304958984294,20.636363636363637,100.18181818181819
2010,Dallas Mavericks,1610612742,6,2,4,0.3333333333333333,476,116,0.24369747899159663,0.7563025210084033,0.42857142857142855,0.3275862068965517,0.46111111111111114,0.5180431547619048,19.333333333333332,92.83333333333333
2010,Denver Nuggets,1610612743,6,2,4,0.3333333333333333,471,109,0.23142250530785563,0.7685774946921444,0.47558386411889597,0.3577981651376147,0.511049723756906,0.5772208925805997,18.166666666666668,109.33333333333333
2010,Los Angeles Lakers,1610612747,23,16,7,0.6956521739130435,1867,476,0.25495447241564007,0.7450455275843599,0.46009641135511514,0.32983193277310924,0.5046728971962616,0.545856654520867,20.695652173913043,101.08695652173913
2010,Miami Heat,1610612748,5,1,4,0.2,386,91,0.23575129533678757,0.7642487046632125,0.43523316062176165,0.37362637362637363,0.4542372881355932,0.5129766701021269,18.2,87.6
2010,Milwaukee Bucks,1610612749,7,3,4,0.42857142857142855,557,149,0.26750448833034113,0.7324955116696589,0.4236983842010772,0.3087248322147651,0.46568627450980393,0.5095768085932445,21.285714285714285,90
2010,Oklahoma City Thunder,1610612760,6,2,4,0.3333333333333333,471,111,0.2356687898089172,0.7643312101910829,0.39065817409766457,0.2972972972972973,0.41944444444444445,0.505967359263786,18.5,93.83333333333333
2010,Orlando Magic,1610612753,14,10,4,0.7142857142857143,991,377,0.38042381432896066,0.6195761856710393,0.46316851664984865,0.3660477453580902,0.5228013029315961,0.5744977394023865,26.928571428571427,96.57142857142857
2010,Phoenix Suns,1610612756,16,10,6,0.625,1274,391,0.3069073783359498,0.6930926216640503,0.4772370486656201,0.3836317135549872,0.5186862967157417,0.5822010869565218,24.4375,107.125
2010,Portland Trail Blazers,1610612757,6,2,4,0.3333333333333333,461,100,0.21691973969631237,0.7830802603036876,0.42950108459869846,0.38,0.44321329639889195,0.5215733193748597,16.666666666666668,93
2010,San Antonio Spurs,1610612759,10,4,6,0.4,785,142,0.18089171974522292,0.8191082802547771,0.4636942675159236,0.3380281690140845,0.49144634525660963,0.5326814775397988,14.2,96.1
2010,Utah Jazz,1610612762,10,4,6,0.4,795,174,0.2188679245283019,0.7811320754716982,0.47924528301886793,0.3735632183908046,0.5088566827697263,0.5682300509337862,17.4,107.1
2011,Atlanta Hawks,1610612737,12,6,6,0.5,910,167,0.1835164835164835,0.8164835164835165,0.4340659340659341,0.32335329341317365,0.458950201884253,0.5045236516788207,13.916666666666666,86.25
2011,Boston Celtics,1610612738,9,5,4,0.5555555555555556,692,144,0.20809248554913296,0.791907514450867,0.4653179190751445,0.4652777777777778,0.4653284671532847,0.5520709138976725,16,94.66666666666667
2011,Chicago Bulls,1610612741,16,9,7,0.5625,1289,307,0.23816912335143522,0.7618308766485647,0.42203258339798294,0.3289902280130293,0.4511201629327902,0.5095576488734644,19.1875,92.5
2011,Dallas Mavericks,1610612742,21,16,5,0.7619047619047619,1572,467,0.2970737913486005,0.7029262086513995,0.46055979643765904,0.39400428265524623,0.48868778280542985,0.5709873126231649,22.238095238095237,98.23809523809524
2011,Denver Nuggets,1610612743,5,1,4,0.2,385,92,0.23896103896103896,0.7610389610389611,0.42337662337662335,0.3695652173913043,0.4402730375426621,0.5245583800086169,18.4,97.4
2011,Indiana Pacers,1610612754,5,1,4,0.2,401,77,0.19201995012468828,0.8079800498753117,0.4089775561097257,0.37662337662337664,0.4166666666666667,0.4959531978534354,15.4,90.2
2011,Los Angeles Lakers,1610612747,10,4,6,0.4,778,166,0.2133676092544987,0.7866323907455013,0.44601542416452444,0.2891566265060241,0.48856209150326796,0.5260781214721157,16.6,93.2
2011,Memphis Grizzlies,1610612763,13,7,6,0.5384615384615384,1092,157,0.14377289377289376,0.8562271062271062,0.4368131868131868,0.3184713375796178,0.4566844919786096,0.5115558960607802,12.076923076923077,98.61538461538461
2011,Miami Heat,1610612748,21,14,7,0.6666666666666666,1539,375,0.24366471734892786,0.7563352826510721,0.44509421702404156,0.33066666666666666,0.48195876288659795,0.5423283369340074,17.857142857142858,92.76190476190476
2011,New Orleans Hornets,1610612740,6,2,4,0.3333333333333333,431,84,0.19489559164733178,0.8051044083526682,0.45707656612529,0.32142857142857145,0.4899135446685879,0.5368589743589743,14,89.33333333333333
2011,New York Knicks,1610612752,4,0,4,0,332,95,0.286144578313253,0.713855421686747,0.3855421686746988,0.3473684210526316,0.4008438818565401,0.4832783043987645,23.75,90.75
2011,Oklahoma City Thunder,1610612760,17,9,8,0.5294117647058824,1355,339,0.25018450184501845,0.7498154981549815,0.44280442804428044,0.31563421828908556,0.48523622047244097,0.547964165282601,19.941176470588236,102.47058823529412
2011,Orlando Magic,1610612753,6,2,4,0.3333333333333333,455,141,0.3098901098901099,0.6901098901098901,0.4087912087912088,0.2624113475177305,0.4745222929936306,0.5033303057826218,23.5,88.66666666666667
2011,Philadelphia 76ers,1610612755,5,1,4,0.2,408,82,0.20098039215686275,0.7990196078431373,0.41421568627450983,0.3902439024390244,0.42024539877300615,0.4851214484180335,16.4,86.6
2011,Portland Trail Blazers,1610612757,6,2,4,0.3333333333333333,439,100,0.22779043280182232,0.7722095671981777,0.4533029612756264,0.3,0.49852507374631266,0.533524285944812,16.666666666666668,88.16666666666667
2011,San Antonio Spurs,1610612759,6,2,4,0.3333333333333333,463,109,0.23542116630669546,0.7645788336933045,0.43628509719222464,0.29357798165137616,0.480225988700565,0.5257877526753865,18.166666666666668,94.33333333333333
2012,Atlanta Hawks,1610612737,6,2,4,0.3333333333333333,476,113,0.23739495798319327,0.7626050420168067,0.4012605042016807,0.30973451327433627,0.4297520661157025,0.4752448523174212,18.833333333333332,82.16666666666667
2012,Boston Celtics,1610612738,20,11,9,0.55,1543,326,0.21127673363577446,0.7887232663642255,0.43810758263123784,0.2852760736196319,0.4790468364831553,0.5164216308537402,16.3,89.5
2012,Chicago Bulls,1610612741,6,2,4,0.3333333333333333,484,76,0.15702479338842976,0.8429752066115702,0.4214876033057851,0.34210526315789475,0.4362745098039216,0.4748142031379025,12.666666666666666,84.33333333333333
2012,Dallas Mavericks,1610612742,4,0,4,0,312,86,0.27564102564102566,0.7243589743589743,0.40384615384615385,0.37209302325581395,0.415929203539823,0.5193828673276151,21.5,93.25
2012,Denver Nuggets,1610612743,7,3,4,0.42857142857142855,625,133,0.2128,0.7872,0.4304,0.2781954887218045,0.4715447154471545,0.49237796008611157,19,96.71428571428571
2012,Indiana Pacers,1610612754,11,6,5,0.5454545454545454,874,197,0.22540045766590389,0.7745995423340961,0.4244851258581236,0.3197969543147208,0.4549483013293944,0.507449356554216,17.90909090909091,90.9090909090909
2012,Los Angeles Clippers,1610612746,11,4,7,0.36363636363636365,828,180,0.21739130434782608,0.782608695652174,0.4577294685990338,0.37777777777777777,0.4799382716049383,0.5303126723516185,16.363636363636363,90.9090909090909
2012,Los Angeles Lakers,1610612747,12,5,7,0.4166666666666667,998,207,0.20741482965931865,0.7925851703406813,0.4228456913827655,0.30434782608695654,0.4538558786346397,0.5022440692455653,17.25,94
2012,Memphis Grizzlies,1610612763,7,3,4,0.42857142857142855,534,83,0.15543071161048688,0.8445692883895131,0.42696629213483145,0.2891566265060241,0.4523281596452328,0.5090677696468342,11.857142857142858,91.42857142857143
2012,Miami Heat,1610612748,23,16,7,0.6956521739130435,1749,452,0.2584333905088622,0.7415666094911378,0.45969125214408235,0.3473451327433628,0.49884348496530456,0.5516734999605771,19.652173913043477,97.34782608695652
2012,New York Knicks,1610612752,5,1,4,0.2,367,91,0.24795640326975477,0.7520435967302452,0.41689373297002724,0.27472527472527475,0.463768115942029,0.49884326200115675,18.2,82.8
2012,Oklahoma City Thunder,1610612760,20,13,7,0.65,1599,383,0.2395247029393371,0.760475297060663,0.4652908067542214,0.35509138381201044,0.5,0.5581095382987168,19.15,101.25
2012,Orlando Magic,1610612753,5,1,4,0.2,389,123,0.3161953727506427,0.6838046272493573,0.39845758354755784,0.34146341463414637,0.424812030075188,0.4863045496750232,24.6,83.8
2012,Philadelphia 76ers,1610612755,13,7,6,0.5384615384615384,1015,171,0.1684729064039409,0.8315270935960591,0.41083743842364534,0.30409356725146197,0.4324644549763033,0.4824682974152865,13.153846153846153,85.6923076923077
2012,San Antonio Spurs,1610612759,14,10,4,0.7142857142857143,1104,317,0.2871376811594203,0.7128623188405797,0.48097826086956524,0.416403785488959,0.5069885641677255,0.573586118251928,22.642857142857142,102
2012,Utah Jazz,1610612762,4,0,4,0,343,45,0.13119533527696792,0.8688046647230321,0.3819241982507289,0.2,0.40939597315436244,0.4432168550873587,11.25,86.25
2013,Atlanta Hawks,1610612737,6,2,4,0.3333333333333333,464,112,0.2413793103448276,0.7586206896551724,0.4224137931034483,0.33035714285714285,0.45170454545454547,0.502738800930442,18.666666666666668,89.33333333333333
2013,Boston Celtics,1610612738,6,2,4,0.3333333333333333,414,124,0.2995169082125604,0.7004830917874396,0.41304347826086957,0.33064516129032256,0.4482758620689655,0.5246834905259581,20.666666666666668,82.33333333333333
2013,Brooklyn Nets,1610612751,7,3,4,0.42857142857142855,586,136,0.23208191126279865,0.7679180887372014,0.44197952218430037,0.3161764705882353,0.48,0.5238439306358381,19.428571428571427,99.42857142857143
2013,Chicago Bulls,1610612741,12,5,7,0.4166666666666667,959,204,0.2127215849843587,0.7872784150156413,0.43795620437956206,0.31862745098039214,0.47019867549668876,0.5106481481481482,17,91.91666666666667
2013,Denver Nuggets,1610612743,6,2,4,0.3333333333333333,509,135,0.26522593320235754,0.7347740667976425,0.4381139489194499,0.3111111111111111,0.4839572192513369,0.526118640604781,22.5,103
2013,Golden State Warriors,1610612744,12,6,6,0.5,1013,268,0.26456071076011844,0.7354392892398816,0.46199407699901285,0.3880597014925373,0.4885906040268456,0.5461767626613705,22.333333333333332,102.66666666666667
2013,Houston Rockets,1610612745,6,2,4,0.3333333333333333,486,202,0.4156378600823045,0.5843621399176955,0.42386831275720166,0.3465346534653465,0.4788732394366197,0.5366342301087579,33.666666666666664,100
2013,Indiana Pacers,1610612754,19,11,8,0.5789473684210527,1413,364,0.25760792639773533,0.7423920736022647,0.43312101910828027,0.3269230769230769,0.4699714013346044,0.5280112384043404,19.157894736842106,91.78947368421052
2013,Los Angeles Clippers,1610612746,6,2,4,0.3333333333333333,452,115,0.25442477876106195,0.745575221238938,0.4668141592920354,0.30434782608695654,0.5222551928783383,0.5520136837194838,19.166666666666668,94.66666666666667
2013,Los Angeles Lakers,1610612747,4,0,4,0,312,74,0.23717948717948717,0.7628205128205128,0.4423076923076923,0.2702702702702703,0.4957983193277311,0.49483399117715354,18.5,85.25
2013,Memphis Grizzlies,1610612763,15,8,7,0.5333333333333333,1223,222,0.18152085036794766,0.8184791496320524,0.4178250204415372,0.32432432432432434,0.4385614385614386,0.5018235277487206,14.8,94.66666666666667
2013,Miami Heat,1610612748,23,16,7,0.6956521739130435,1762,465,0.26390465380249717,0.7360953461975028,0.4676503972758229,0.38064516129032255,0.49884348496530456,0.5593502123227306,20.217391304347824,97.1304347826087
2013,Milwaukee Bucks,1610612749,4,0,4,0,307,92,0.2996742671009772,0.7003257328990228,0.43322475570032576,0.2608695652173913,0.5069767441860465,0.4976068176511791,23,85.25
2013,New York Knicks,1610612752,12,6,6,0.5,972,280,0.2880658436213992,0.7119341563786008,0.4104938271604938,0.34285714285714286,0.43786127167630057,0.4981069125805968,23.333333333333332,88.58333333333333
2013,Oklahoma City Thunder,1610612760,11,5,6,0.45454545454545453,898,272,0.3028953229398664,0.6971046770601337,0.4265033407572383,0.3492647058823529,0.46006389776357826,0.5337078651685394,24.727272727272727,98.45454545454545
2013,San Antonio Spurs,1610612759,21,15,6,0.7142857142857143,1726,437,0.25318655851680183,0.7468134414831982,0.46292004634994205,0.37757437070938216,0.4918541505042669,0.5474319802124253,20.80952380952381,100.33333333333333
2014,Atlanta Hawks,1610612737,7,3,4,0.42857142857142855,551,230,0.41742286751361163,0.5825771324863884,0.38475499092558985,0.34347826086956523,0.4143302180685358,0.5154885588628976,32.857142857142854,92.42857142857143
2014,Brooklyn Nets,1610612751,12,5,7,0.4166666666666667,901,272,0.3018867924528302,0.6981132075471698,0.462819089900111,0.34191176470588236,0.5151033386327504,0.5554047766749379,22.666666666666668,95.5
2014,Charlotte Bobcats,1610612766,4,0,4,0,301,85,0.2823920265780731,0.717607973421927,0.4485049833887043,0.36470588235294116,0.48148148148148145,0.5374459633134713,21.25,92
2014,Chicago Bulls,1610612741,5,1,4,0.2,393,96,0.24427480916030533,0.7557251908396947,0.4223918575063613,0.3333333333333333,0.4511784511784512,0.5077173030056864,19.2,90
2014,Dallas Mavericks,1610612742,7,3,4,0.42857142857142855,607,157,0.2586490939044481,0.7413509060955519,0.4514003294892916,0.37579617834394907,0.4777777777777778,0.5322667949720336,22.428571428571427,101.14285714285714
2014,Golden State Warriors,1610612744,7,3,4,0.42857142857142855,582,184,0.3161512027491409,0.6838487972508591,0.46048109965635736,0.3641304347826087,0.5050251256281407,0.5578017370470201,26.285714285714285,106.42857142857143
2014,Houston Rockets,1610612745,6,2,4,0.3333333333333333,550,154,0.28,0.72,0.44545454545454544,0.3181818181818182,0.494949494949495,0.5343851390037534,25.666666666666668,112
2014,Indiana Pacers,1610612754,19,10,9,0.5263157894736842,1416,366,0.2584745762711864,0.7415254237288136,0.451271186440678,0.3797814207650273,0.47619047619047616,0.5399165921954127,19.263157894736842,91.57894736842105
2014,Los Angeles Clippers,1610612746,13,6,7,0.46153846153846156,1110,335,0.30180180180180183,0.6981981981981982,0.46126126126126127,0.35522388059701493,0.5070967741935484,0.5552763029750871,25.76923076923077,108.76923076923077
2014,Memphis Grizzlies,1610612763,7,3,4,0.42857142857142855,617,107,0.17341977309562398,0.826580226904376,0.4165316045380875,0.2897196261682243,0.44313725490196076,0.4859037666513551,15.285714285714286,96.71428571428571
2014,Miami Heat,1610612748,20,13,7,0.65,1443,470,0.3257103257103257,0.6742896742896742,0.49064449064449067,0.39574468085106385,0.5364850976361768,0.5942197238176709,23.5,97.25
2014,Oklahoma City Thunder,1610612760,19,10,9,0.5263157894736842,1546,443,0.28654592496765846,0.7134540750323415,0.44954721862871927,0.3227990970654628,0.5004533091568449,0.5505598914149983,23.31578947368421,102.47368421052632
2014,Portland Trail Blazers,1610612757,11,5,6,0.45454545454545453,965,251,0.2601036269430052,0.7398963730569948,0.43730569948186526,0.3466135458167331,0.469187675070028,0.5289419316756437,22.818181818181817,104.27272727272727
2014,San Antonio Spurs,1610612759,23,16,7,0.6956521739130435,1861,496,0.26652337452982267,0.7334766254701773,0.4911337990327781,0.4092741935483871,0.5208791208791209,0.5826473054348654,21.565217391304348,106.34782608695652
2014,Toronto Raptors,1610612761,7,3,4,0.42857142857142855,519,147,0.2832369942196532,0.7167630057803468,0.441233140655106,0.3129251700680272,0.49193548387096775,0.5531628090478696,21,96.14285714285714
2014,Washington Wizards,1610612764,11,6,5,0.5454545454545454,877,185,0.21094640820980615,0.7890535917901939,0.4321550741163056,0.33513513513513515,0.45809248554913296,0.5035460992907801,16.818181818181817,90.36363636363636
2015,Atlanta Hawks,1610612737,16,8,8,0.5,1369,458,0.3345507669831994,0.6654492330168006,0.43097151205259315,0.3165938864628821,0.4884742041712404,0.5206396429899591,28.625,98
2015,Boston Celtics,1610612738,4,0,4,0,331,86,0.2598187311178248,0.7401812688821753,0.4199395770392749,0.2558139534883721,0.4775510204081633,0.5041502607215068,21.5,94.75
2015,Brooklyn Nets,1610612751,6,2,4,0.3333333333333333,499,144,0.28857715430861725,0.7114228456913828,0.4348697394789579,0.3541666666666667,0.4676056338028169,0.5216606498194946,24,96.33333333333333
2015,Chicago Bulls,1610612741,12,6,6,0.5,1005,295,0.2935323383084577,0.7064676616915423,0.41890547263681593,0.3728813559322034,0.43802816901408453,0.5149662053427744,24.583333333333332,96
2015,Cleveland Cavaliers,1610612739,20,14,6,0.7,1654,574,0.347037484885127,0.652962515114873,0.4195888754534462,0.3397212543554007,0.462037037037037,0.5236100533130237,28.7,99
2015,Dallas Mavericks,1610612742,5,1,4,0.2,460,122,0.26521739130434785,0.7347826086956522,0.45217391304347826,0.3114754098360656,0.5029585798816568,0.5335247555486574,24.4,110
2015,Golden State Warriors,1610612744,21,16,5,0.7619047619047619,1769,641,0.36235161107970604,0.637648388920294,0.45336348219332956,0.374414976599064,0.49822695035460995,0.5495034454803405,30.523809523809526,103.28571428571429
2015,Houston Rockets,1610612745,17,9,8,0.5294117647058824,1417,468,0.3302752293577982,0.6697247706422018,0.4481298517995766,0.344017094017094,0.4994731296101159,0.5435810730922935,27.529411764705884,108.17647058823529
2015,Los Angeles Clippers,1610612746,14,7,7,0.5,1187,356,0.2999157540016849,0.7000842459983151,0.4658803706823926,0.32865168539325845,0.5246690734055355,0.5484241437460021,25.428571428571427,107.78571428571429
2015,Memphis Grizzlies,1610612763,11,6,5,0.5454545454545454,925,154,0.16648648648648648,0.8335135135135135,0.42486486486486486,0.3116883116883117,0.4474708171206226,0.5033816425120774,14,94.72727272727273
2015,Milwaukee Bucks,1610612749,6,2,4,0.3333333333333333,529,109,0.2060491493383743,0.7939508506616257,0.387523629489603,0.30275229357798167,0.4095238095238095,0.4546232876712329,18.166666666666668,88.5
2015,New Orleans Pelicans,1610612740,4,0,4,0,337,85,0.2522255192878338,0.7477744807121661,0.45103857566765576,0.3176470588235294,0.49603174603174605,0.5356763079540622,21.25,100.75
2015,Portland Trail Blazers,1610612757,5,1,4,0.2,418,131,0.3133971291866029,0.6866028708133971,0.39952153110047844,0.3511450381679389,0.42160278745644597,0.5037377556281147,26.2,93.8
2015,San Antonio Spurs,1610612759,7,3,4,0.42857142857142855,597,183,0.3065326633165829,0.6934673366834171,0.4489112227805695,0.366120218579235,0.4855072463768116,0.5360421725996565,26.142857142857142,103.42857142857143
2015,Toronto Raptors,1610612761,4,0,4,0,353,100,0.28328611898017,0.71671388101983,0.4164305949008499,0.3,0.4624505928853755,0.49308401639344257,25,96.25
2015,Washington Wizards,1610612764,10,6,4,0.6,845,233,0.2757396449704142,0.7242603550295857,0.4414201183431953,0.4034334763948498,0.45588235294117646,0.532508848811731,23.3,101.1
2016,Atlanta Hawks,1610612737,10,4,6,0.4,848,318,0.375,0.625,0.43160377358490565,0.3333333333333333,0.49056603773584906,0.5334683436367512,31.8,100.1
2016,Boston Celtics,1610612738,6,2,4,0.3333333333333333,537,189,0.35195530726256985,0.6480446927374302,0.38361266294227186,0.2751322751322751,0.4425287356321839,0.4751536020525286,31.5,93.83333333333333
2016,Charlotte Hornets,1610612766,7,3,4,0.42857142857142855,563,130,0.23090586145648312,0.7690941385435168,0.3960923623445826,0.3076923076923077,0.4226327944572748,0.4940896866595785,18.571428571428573,90.28571428571429
2016,Cleveland Cavaliers,1610612739,21,16,5,0.7619047619047619,1717,635,0.36983110075713455,0.6301688992428655,0.46884100174723353,0.4062992125984252,0.5055452865064695,0.573358630611096,30.238095238095237,104.76190476190476
2016,Dallas Mavericks,1610612742,5,1,4,0.2,406,107,0.26354679802955666,0.7364532019704434,0.43596059113300495,0.2897196261682243,0.4882943143812709,0.5106262520686351,21.4,93.8
2016,Detroit Pistons,1610612765,4,0,4,0,301,93,0.3089700996677741,0.6910299003322259,0.47840531561461797,0.3763440860215054,0.5240384615384616,0.5592841163310962,23.25,95
2016,Golden State Warriors,1610612744,24,15,9,0.625,2055,778,0.3785888077858881,0.6214111922141119,0.4545012165450122,0.39331619537275064,0.4917776037588097,0.5617220638342257,32.416666666666664,107.70833333333333
2016,Houston Rockets,1610612745,5,1,4,0.2,428,142,0.3317757009345794,0.6682242990654206,0.3855140186915888,0.2676056338028169,0.44405594405594406,0.4669451953797002,28.4,91.2
2016,Indiana Pacers,1610612754,7,3,4,0.42857142857142855,524,149,0.28435114503816794,0.7156488549618321,0.44083969465648853,0.3825503355704698,0.464,0.5489723505389301,21.285714285714285,93.71428571428571
2016,LA Clippers,1610612746,6,2,4,0.3333333333333333,510,117,0.22941176470588234,0.7705882352941177,0.4372549019607843,0.2905982905982906,0.48091603053435117,0.5021789459349041,19.5,98.33333333333333
2016,Memphis Grizzlies,1610612763,4,0,4,0,325,64,0.19692307692307692,0.803076923076923,0.39384615384615385,0.296875,0.41762452107279696,0.45531197301854975,16,81
2016,Miami Heat,1610612748,14,7,7,0.5,1127,268,0.2377994676131322,0.7622005323868678,0.45785270629991126,0.3582089552238806,0.4889406286379511,0.5388993100817092,19.142857142857142,96.85714285714286
2016,Oklahoma City Thunder,1610612760,18,11,7,0.6111111111111112,1521,448,0.294543063773833,0.705456936226167,0.4523339907955293,0.3325892857142857,0.5023299161230196,0.550527816747545,24.88888888888889,106.38888888888889
2016,Portland Trail Blazers,1610612757,11,5,6,0.45454545454545453,980,344,0.3510204081632653,0.6489795918367347,0.4163265306122449,0.3808139534883721,0.43553459119496857,0.5232684571055779,31.272727272727273,105
2016,San Antonio Spurs,1610612759,10,6,4,0.6,825,191,0.2315151515151515,0.7684848484848484,0.4690909090909091,0.4293193717277487,0.4810725552050473,0.5572552447552448,19.1,102
2016,Toronto Raptors,1610612761,20,10,10,0.5,1628,459,0.28194103194103193,0.7180589680589681,0.42076167076167076,0.2984749455337691,0.46877673224978617,0.5066174875244087,22.95,93.4
2017,Atlanta Hawks,1610612737,6,2,4,0.3333333333333333,507,164,0.3234714003944773,0.6765285996055227,0.4437869822485207,0.3048780487804878,0.5102040816326531,0.5423606827061486,27.333333333333332,105.5
2017,Boston Celtics,1610612738,18,9,9,0.5,1513,620,0.4097818902842036,0.5902181097157965,0.456708526107072,0.36935483870967745,0.5173572228443449,0.565697354901914,34.44444444444444,105.22222222222223
2017,Chicago Bulls,1610612741,6,2,4,0.3333333333333333,495,141,0.28484848484848485,0.7151515151515152,0.4404040404040404,0.2978723404255319,0.4971751412429379,0.5289023677287342,23.5,96.5
2017,Cleveland Cavaliers,1610612739,18,13,5,0.7222222222222222,1495,610,0.4080267558528428,0.5919732441471572,0.49297658862876254,0.419672131147541,0.5435028248587571,0.6143256513261447,33.888888888888886,116.22222222222223
2017,Golden State Warriors,1610612744,17,16,1,0.9411764705882353,1479,559,0.3779580797836376,0.6220419202163624,0.4935767410412441,0.38640429338103754,0.558695652173913,0.6075203105902655,32.88235294117647,119.29411764705883
2017,Houston Rockets,1610612745,11,6,5,0.5454545454545454,935,423,0.45240641711229945,0.5475935828877005,0.4385026737967914,0.3333333333333333,0.525390625,0.5589833578625608,38.45454545454545,107.72727272727273
2017,Indiana Pacers,1610612754,4,0,4,0,348,115,0.33045977011494254,0.6695402298850575,0.46551724137931033,0.391304347826087,0.5021459227467812,0.5637051627617665,28.75,108.75
2017,LA Clippers,1610612746,7,3,4,0.42857142857142855,539,164,0.3042671614100185,0.6957328385899815,0.47309833024118736,0.3475609756097561,0.528,0.5579847288390001,23.428571428571427,97.71428571428571
2017,Memphis Grizzlies,1610612763,6,2,4,0.3333333333333333,463,145,0.31317494600431967,0.6868250539956804,0.44924406047516197,0.38620689655172413,0.4779874213836478,0.5593404041186033,24.166666666666668,96.33333333333333
2017,Milwaukee Bucks,1610612749,6,2,4,0.3333333333333333,469,130,0.27718550106609807,0.7228144989339019,0.44562899786780386,0.4153846153846154,0.45722713864306785,0.5333969465648855,21.666666666666668,93.16666666666667
2017,Oklahoma City Thunder,1610612760,5,1,4,0.2,437,135,0.30892448512585813,0.6910755148741419,0.4416475972540046,0.3111111111111111,0.5,0.5247784045124899,27,104.2
2017,Portland Trail Blazers,1610612757,4,0,4,0,358,136,0.37988826815642457,0.6201117318435754,0.39664804469273746,0.3235294117647059,0.44144144144144143,0.506638714185884,34,101.5
2017,San Antonio Spurs,1610612759,16,8,8,0.5,1385,391,0.28231046931407944,0.7176895306859206,0.4620938628158845,0.35038363171355497,0.506036217303823,0.5513285957052372,24.4375,107.0625
2017,Toronto Raptors,1610612761,10,4,6,0.4,795,235,0.29559748427672955,0.7044025157232704,0.4440251572327044,0.33191489361702126,0.49107142857142855,0.54082774049217,23.5,96.7
2017,Utah Jazz,1610612762,11,4,7,0.36363636363636365,862,285,0.3306264501160093,0.6693735498839907,0.4547563805104408,0.3649122807017544,0.49913344887348354,0.5517496000328178,25.90909090909091,97.81818181818181
2017,Washington Wizards,1610612764,13,7,6,0.5384615384615384,1139,344,0.30201931518876207,0.6979806848112379,0.45741878841088673,0.3168604651162791,0.5182389937106918,0.5489138927957492,26.46153846153846,108.07692307692308
2018,Boston Celtics,1610612738,19,11,8,0.5789473684210527,1582,581,0.3672566371681416,0.6327433628318584,0.43742098609355246,0.342512908777969,0.4925074925074925,0.5414127330379833,30.57894736842105,101.36842105263158
2018,Cleveland Cavaliers,1610612739,22,12,10,0.5454545454545454,1801,667,0.37034980566352027,0.6296501943364797,0.45030538589672403,0.3313343328335832,0.5202821869488536,0.5495129709758362,30.318181818181817,101.13636363636364
2018,Golden State Warriors,1610612744,21,16,5,0.7619047619047619,1806,659,0.3648947951273533,0.6351052048726468,0.4795127353266888,0.3566009104704097,0.5501307759372276,0.5814011793493522,31.38095238095238,110.42857142857143
2018,Houston Rockets,1610612745,17,11,6,0.6470588235294118,1450,676,0.46620689655172415,0.5337931034482759,0.43586206896551727,0.33727810650887574,0.5219638242894057,0.5518709166501683,39.76470588235294,104.94117647058823
2018,Indiana Pacers,1610612754,7,3,4,0.42857142857142855,561,190,0.33868092691622104,0.661319073083779,0.48128342245989303,0.35789473684210527,0.5444743935309974,0.5673758865248228,27.142857142857142,100.57142857142857
2018,Miami Heat,1610612748,5,1,4,0.2,414,138,0.3333333333333333,0.6666666666666666,0.4420289855072464,0.391304347826087,0.4673913043478261,0.5420196259330705,27.6,103.4
2018,Milwaukee Bucks,1610612749,7,3,4,0.42857142857142855,548,180,0.3284671532846715,0.6715328467153284,0.5,0.37222222222222223,0.5625,0.5852321229233699,25.714285714285715,101.85714285714286
2018,Minnesota Timberwolves,1610612750,5,1,4,0.2,413,109,0.2639225181598063,0.7360774818401937,0.4600484261501211,0.41284403669724773,0.4769736842105263,0.5484065981518266,21.8,101.6
2018,New Orleans Pelicans,1610612740,9,5,4,0.5555555555555556,808,243,0.30074257425742573,0.6992574257425742,0.4777227722772277,0.3662551440329218,0.5256637168141592,0.5621167385873268,27,110
2018,Oklahoma City Thunder,1610612760,6,2,4,0.3333333333333333,519,173,0.3333333333333333,0.6666666666666666,0.4296724470134875,0.36416184971098264,0.4624277456647399,0.5279362649596437,28.833333333333332,101.16666666666667
2018,Philadelphia 76ers,1610612755,10,5,5,0.5,885,293,0.3310734463276836,0.6689265536723163,0.43728813559322033,0.3378839590443686,0.4864864864864865,0.5388699579998416,29.3,108.8
2018,Portland Trail Blazers,1610612757,4,0,4,0,364,129,0.3543956043956044,0.6456043956043956,0.4532967032967033,0.3333333333333333,0.5191489361702127,0.538650056162565,32.25,105.5
2018,San Antonio Spurs,1610612759,5,1,4,0.2,419,141,0.33651551312649164,0.6634844868735084,0.4128878281622912,0.2978723404255319,0.4712230215827338,0.5153321976149915,28.2,96.8
2018,Toronto Raptors,1610612761,10,4,6,0.4,823,267,0.3244228432563791,0.675577156743621,0.4726609963547995,0.3895131086142322,0.512589928057554,0.5780253404585417,26.7,107.3
2018,Utah Jazz,1610612762,11,5,6,0.45454545454545453,912,329,0.3607456140350877,0.6392543859649122,0.4550438596491228,0.3586626139817629,0.5094339622641509,0.5487543374010684,29.90909090909091,102.36363636363636
2018,Washington Wizards,1610612764,6,2,4,0.3333333333333333,511,131,0.2563600782778865,0.7436399217221135,0.4657534246575342,0.366412213740458,0.5,0.5614739783443939,21.833333333333332,107.16666666666667
2019,Boston Celtics,1610612738,9,5,4,0.5555555555555556,757,297,0.39233817701453105,0.607661822985469,0.4240422721268164,0.3434343434343434,0.47608695652173916,0.5387375134830933,33,102.11111111111111
2019,Brooklyn Nets,1610612751,5,1,4,0.2,457,170,0.37199124726477023,0.6280087527352297,0.4201312910284464,0.3235294117647059,0.47735191637630664,0.5343028163609853,34,111.4
2019,Denver Nuggets,1610612743,14,7,7,0.5,1263,389,0.3079968329374505,0.6920031670625495,0.442596991290578,0.3444730077120823,0.4862700228832952,0.538665463365108,27.785714285714285,109.14285714285714
2019,Detroit Pistons,1610612765,4,0,4,0,387,133,0.34366925064599485,0.6563307493540051,0.3875968992248062,0.3308270676691729,0.41732283464566927,0.4711085472550717,33.25,98
2019,Golden State Warriors,1610612744,22,14,8,0.6363636363636364,1895,720,0.37994722955145116,0.6200527704485488,0.47704485488126647,0.37222222222222223,0.5412765957446809,0.5893259481787457,32.72727272727273,114.13636363636364
2019,Houston Rockets,1610612745,11,6,5,0.5454545454545454,922,470,0.5097613882863341,0.49023861171366595,0.4436008676789588,0.3659574468085106,0.5243362831858407,0.5743256243506368,42.72727272727273,108.54545454545455
2019,Indiana Pacers,1610612754,4,0,4,0,334,119,0.3562874251497006,0.6437125748502994,0.40119760479041916,0.33613445378151263,0.4372093023255814,0.4958387375702551,29.75,91.75
2019,LA Clippers,1610612746,6,2,4,0.3333333333333333,535,190,0.35514018691588783,0.6448598130841121,0.44672897196261685,0.3631578947368421,0.4927536231884058,0.5629009032595891,31.666666666666668,114.66666666666667
2019,Milwaukee Bucks,1610612749,15,10,5,0.6666666666666666,1325,571,0.4309433962264151,0.5690566037735849,0.4505660377358491,0.3362521891418564,0.5371352785145889,0.5603391177639422,38.06666666666667,112.8
2019,Oklahoma City Thunder,1610612760,5,1,4,0.2,430,157,0.36511627906976746,0.6348837209302326,0.43953488372093025,0.33121019108280253,0.5018315018315018,0.5412859142175023,31.4,105.2
2019,Orlando Magic,1610612753,5,1,4,0.2,415,174,0.41927710843373495,0.5807228915662651,0.38795180722891565,0.2988505747126437,0.45228215767634855,0.4958606416005519,34.8,92
2019,Philadelphia 76ers,1610612755,12,7,5,0.5833333333333334,1030,341,0.33106796116504855,0.6689320388349514,0.45922330097087377,0.3313782991202346,0.5224963715529753,0.5589849108367626,28.416666666666668,108.66666666666667
2019,Portland Trail Blazers,1610612757,16,8,8,0.5,1447,525,0.36281962681409813,0.6371803731859018,0.4360746371803732,0.36,0.4793926247288503,0.5411055202012728,32.8125,109.6875
2019,San Antonio Spurs,1610612759,7,3,4,0.42857142857142855,596,139,0.2332214765100671,0.7667785234899329,0.46308724832214765,0.3381294964028777,0.5010940919037199,0.542109051646572,19.857142857142858,103.28571428571429
2019,Toronto Raptors,1610612761,24,16,8,0.6666666666666666,2034,827,0.40658800393313665,0.5934119960668633,0.4444444444444444,0.34582829504232165,0.512013256006628,0.5609747539430515,34.458333333333336,106.58333333333333
2019,Utah Jazz,1610612762,5,1,4,0.2,432,179,0.41435185185185186,0.5856481481481481,0.40046296296296297,0.26256983240223464,0.4980237154150198,0.5006962647444299,35.8,97.8
2020,Boston Celtics,1610612738,17,10,7,0.5882352941176471,1444,619,0.42867036011080334,0.5713296398891967,0.45429362880886426,0.3408723747980614,0.5393939393939394,0.5719014569797204,36.411764705882355,109.3529411764706
2020,Brooklyn Nets,1610612751,4,0,4,0,365,184,0.5041095890410959,0.4958904109589041,0.3972602739726027,0.33695652173913043,0.4585635359116022,0.5182299323728315,46,105.75
2020,Dallas Mavericks,1610612742,6,2,4,0.3333333333333333,535,225,0.4205607476635514,0.5794392523364486,0.47289719626168225,0.36,0.5548387096774193,0.5802036498280879,37.5,117
2020,Denver Nuggets,1610612743,19,9,10,0.47368421052631576,1568,615,0.39221938775510207,0.607780612244898,0.47066326530612246,0.37886178861788616,0.5299055613850997,0.5841174989124711,32.36842105263158,107.42105263157895
2020,Houston Rockets,1610612745,12,5,7,0.4166666666666667,1029,561,0.5451895043731778,0.45481049562682213,0.4363459669582119,0.36185383244206776,0.5256410256410257,0.5689223940536162,46.75,107.66666666666667
2020,Indiana Pacers,1610612754,4,0,4,0,321,128,0.3987538940809969,0.6012461059190031,0.45482866043613707,0.375,0.5077720207253886,0.5649955136832661,32,100.75
2020,LA Clippers,1610612746,13,7,6,0.5384615384615384,1123,427,0.38023152270703475,0.6197684772929652,0.47373107747105964,0.36768149882903983,0.5387931034482759,0.584901490275322,32.84615384615385,114
2020,Los Angeles Lakers,1610612747,21,16,5,0.7619047619047619,1764,718,0.4070294784580499,0.5929705215419501,0.4886621315192744,0.35376044568245124,0.5812619502868069,0.5949152201864353,34.19047619047619,112.80952380952381
2020,Miami Heat,1610612748,21,14,7,0.6666666666666666,1723,746,0.4329657573998839,0.567034242600116,0.4596633778293674,0.35924932975871315,0.5363357215967247,0.5871289141927613,35.523809523809526,110
2020,Milwaukee Bucks,1610612749,10,5,5,0.5,871,371,0.425947187141217,0.574052812858783,0.46039035591274396,0.3584905660377358,0.536,0.5680423756544503,37.1,111.1
2020,Oklahoma City Thunder,1610612760,7,3,4,0.42857142857142855,598,256,0.4280936454849498,0.5719063545150501,0.4297658862876254,0.328125,0.5058479532163743,0.5417311584712465,36.57142857142857,104
2020,Orlando Magic,1610612753,5,1,4,0.2,443,199,0.4492099322799097,0.5507900677200903,0.4198645598194131,0.3768844221105528,0.45491803278688525,0.5468111201962388,39.8,107
2020,Philadelphia 76ers,1610612755,4,0,4,0,336,121,0.3601190476190476,0.6398809523809523,0.3958333333333333,0.2644628099173554,0.4697674418604651,0.512336867862969,30.25,100.5
2020,Portland Trail Blazers,1610612757,5,1,4,0.2,441,153,0.3469387755102041,0.6530612244897959,0.42630385487528344,0.3790849673202614,0.4513888888888889,0.5372983870967742,30.6,106.6
2020,Toronto Raptors,1610612761,11,7,4,0.6363636363636364,973,443,0.4552929085303186,0.5447070914696814,0.4419321685508736,0.36343115124153497,0.5075471698113208,0.5590356518829698,40.27272727272727,109.36363636363636
2020,Utah Jazz,1610612762,7,3,4,0.42857142857142855,573,261,0.45549738219895286,0.5445026178010471,0.4869109947643979,0.421455938697318,0.5416666666666666,0.6157711874922447,37.285714285714285,113.42857142857143
2021,Atlanta Hawks,1610612737,18,10,8,0.5555555555555556,1562,615,0.39372599231754163,0.6062740076824584,0.44878361075544176,0.34308943089430893,0.5174234424498416,0.5537095354976151,34.166666666666664,106.27777777777777
2021,Boston Celtics,1610612738,5,1,4,0.2,441,183,0.41496598639455784,0.5850340136054422,0.43537414965986393,0.34972677595628415,0.49612403100775193,0.5595675071816151,36.6,112.2
2021,Brooklyn Nets,1610612751,12,7,5,0.5833333333333334,1034,427,0.41295938104448743,0.5870406189555126,0.47195357833655704,0.38173302107728335,0.5354200988467874,0.5916278091364863,35.583333333333336,112.5
2021,Dallas Mavericks,1610612742,7,3,4,0.42857142857142855,602,245,0.4069767441860465,0.5930232558139535,0.45514950166112955,0.3877551020408163,0.5014005602240896,0.5590717299578059,35,106
2021,Denver Nuggets,1610612743,10,4,6,0.4,922,385,0.4175704989154013,0.5824295010845987,0.4566160520607375,0.38181818181818183,0.5102420856610801,0.566097281944061,38.5,114.8
2021,LA Clippers,1610612746,19,10,9,0.5263157894736842,1557,691,0.44380218368657676,0.5561978163134232,0.47719974309569685,0.38060781476121563,0.5542725173210161,0.6038372146014676,36.36842105263158,111.57894736842105
2021,Los Angeles Lakers,1610612747,6,2,4,0.3333333333333333,498,197,0.39558232931726905,0.6044176706827309,0.41365461847389556,0.29949238578680204,0.4883720930232558,0.5198336532309661,32.833333333333336,97.5
2021,Memphis Grizzlies,1610612763,5,1,4,0.2,472,158,0.3347457627118644,0.6652542372881356,0.4682203389830508,0.3291139240506329,0.5382165605095541,0.5562219470670174,31.6,115
2021,Miami Heat,1610612748,4,0,4,0,357,143,0.4005602240896359,0.5994397759103641,0.3949579831932773,0.3356643356643357,0.43457943925233644,0.4991850040749796,35.75,98
2021,Milwaukee Bucks,1610612749,23,16,7,0.6956521739130435,2095,804,0.3837708830548926,0.6162291169451074,0.4620525059665871,0.3208955223880597,0.5499612703330752,0.5502489892943278,34.95652173913044,110.30434782608695
2021,New York Knicks,1610612752,5,1,4,0.2,432,152,0.35185185185185186,0.6481481481481481,0.39814814814814814,0.34210526315789475,0.42857142857142855,0.5052504375364614,30.4,97
2021,Philadelphia 76ers,1610612755,12,7,5,0.5833333333333334,1029,341,0.33138969873663754,0.6686103012633625,0.4956268221574344,0.39296187683284456,0.5465116279069767,0.5891644423421293,28.416666666666668,116.25
2021,Phoenix Suns,1610612756,22,14,8,0.6363636363636364,1871,654,0.34954569748797437,0.6504543025120256,0.48102618920363444,0.3761467889908257,0.5373870172555464,0.584604282872411,29.727272727272727,109
2021,Portland Trail Blazers,1610612757,6,2,4,0.3333333333333333,530,235,0.44339622641509435,0.5566037735849056,0.47547169811320755,0.4127659574468085,0.5254237288135594,0.6077919435779195,39.166666666666664,119.5
2021,Utah Jazz,1610612762,11,6,5,0.5454545454545454,926,480,0.5183585313174947,0.4816414686825054,0.4719222462203024,0.4125,0.5358744394618834,0.6162073063211562,43.63636363636363,116.9090909090909
2021,Washington Wizards,1610612764,5,1,4,0.2,443,121,0.27313769751693,0.7268623024830699,0.4582392776523702,0.2892561983471074,0.5217391304347826,0.542620363062352,24.2,110
2022,Atlanta Hawks,1610612737,5,1,4,0.2,391,175,0.4475703324808184,0.5524296675191815,0.4398976982097187,0.32571428571428573,0.5324074074074074,0.5541647701411015,35,97.4
2022,Boston Celtics,1610612738,24,14,10,0.5833333333333334,1962,879,0.44801223241590216,0.5519877675840978,0.4490316004077472,0.3731513083048919,0.5106186518928901,0.573949534133343,36.625,105.54166666666667
2022,Brooklyn Nets,1610612751,4,0,4,0,312,109,0.34935897435897434,0.6506410256410257,0.5032051282051282,0.42201834862385323,0.5467980295566502,0.6100973916937199,27.25,109
2022,Chicago Bulls,1610612741,5,1,4,0.2,451,184,0.4079822616407982,0.5920177383592018,0.4035476718403548,0.2826086956521739,0.4868913857677903,0.49308030164912564,36.8,95.2
2022,Dallas Mavericks,1610612742,18,9,9,0.5,1455,747,0.51340206185567006,0.4865979381443299,0.44879725085910654,0.38018741633199465,0.5211864406779662,0.583607757043542,41.5,106.33333333333333
2022,Denver Nuggets,1610612743,5,1,4,0.2,414,157,0.37922705314009664,0.6207729468599034,0.4758454106280193,0.35668789808917195,0.5486381322957199,0.5858043626448535,31.4,110
2022,Golden State Warriors,1610612744,22,16,6,0.7272727272727273,1895,821,0.43324538258575196,0.566754617414248,0.48021108179419525,0.3751522533495737,0.5605214152700186,0.589771855828221,37.31818181818182,111.86363636363636
2022,Memphis Grizzlies,1610612763,12,6,6,0.5,1096,430,0.39233576642335766,0.6076642335766423,0.4352189781021898,0.36511627906976746,0.4804804804804805,0.5447941888619856,35.833333333333336,112.5
2022,Miami Heat,1610612748,18,11,7,0.6111111111111112,1536,626,0.4075520833333333,0.5924479166666666,0.4453125,0.31309904153354634,0.5362637362637362,0.5495922002437423,34.77777777777778,104.22222222222223
2022,Milwaukee Bucks,1610612749,12,7,5,0.5833333333333334,1056,388,0.36742424242424243,0.6325757575757576,0.4375,0.327319587628866,0.5014970059880239,0.5289302995984763,32.333333333333336,102.75
2022,Minnesota Timberwolves,1610612750,6,2,4,0.3333333333333333,492,214,0.4349593495934959,0.5650406504065041,0.44308943089430897,0.3878504672897196,0.4856115107913669,0.5787037037037037,35.666666666666664,109.16666666666667
2022,New Orleans Pelicans,1610612740,6,2,4,0.3333333333333333,506,158,0.31225296442687744,0.6877470355731226,0.4624505928853755,0.35443037974683544,0.5114942528735632,0.5660344946059231,26.333333333333332,109.83333333333333
2022,Philadelphia 76ers,1610612755,12,6,6,0.5,939,400,0.42598509052183176,0.5740149094781682,0.4653887113951012,0.3725,0.5343228200371057,0.5922469490308685,33.333333333333336,104.5
2022,Phoenix Suns,1610612756,13,7,6,0.5384615384615384,1076,353,0.32806691449814124,0.6719330855018587,0.4972118959107807,0.3626062322946176,0.5629322268326418,0.5906741876646625,27.153846153846153,107.61538461538461
2022,Toronto Raptors,1610612761,6,2,4,0.3333333333333333,516,197,0.3817829457364341,0.6182170542635659,0.44573643410852715,0.29949238578680204,0.5360501567398119,0.5416141677166456,32.833333333333336,103.16666666666667
2022,Utah Jazz,1610612762,6,2,4,0.3333333333333333,474,179,0.37763713080168776,0.6223628691983122,0.4430379746835443,0.2737430167597765,0.5457627118644067,0.5459960291197882,29.833333333333332,99
2023,Atlanta Hawks,1610612737,6,2,4,0.3333333333333333,578,224,0.3875432525951557,0.6124567474048442,0.45674740484429066,0.375,0.5084745762711864,0.5578923709221679,37.333333333333336,115.83333333333333
2023,Boston Celtics,1610612738,20,11,9,0.55,1710,773,0.452046783625731,0.547953216374269,0.4777777777777778,0.36351875808538164,0.5720384204909285,0.5935843054082715,38.65,111.95
2023,Brooklyn Nets,1610612751,4,0,4,0,309,138,0.44660194174757284,0.5533980582524272,0.4401294498381877,0.32608695652173914,0.5321637426900585,0.5423311444652908,34.5,92.5
2023,Cleveland Cavaliers,1610612739,5,1,4,0.2,392,153,0.3903061224489796,0.6096938775510204,0.4489795918367347,0.32679738562091504,0.5271966527196653,0.5439804120853738,30.6,94.2
2023,Denver Nuggets,1610612743,20,16,4,0.8,1719,600,0.34904013961605584,0.6509598603839442,0.491564863292612,0.375,0.5540661304736372,0.592898802182411,30,113.45
2023,Golden State Warriors,1610612744,13,6,7,0.46153846153846156,1217,553,0.45439605587510273,0.5456039441248973,0.447822514379622,0.3399638336347197,0.5376506024096386,0.5527812039348997,42.53846153846154,113.07692307692308
2023,LA Clippers,1610612746,5,1,4,0.2,443,169,0.38148984198645597,0.618510158013544,0.4604966139954853,0.3609467455621302,0.5218978102189781,0.5767542109044465,33.8,115.6
2023,Los Angeles Lakers,1610612747,16,8,8,0.5,1394,484,0.3472022955523673,0.6527977044476327,0.4713055954088953,0.3347107438016529,0.5439560439560439,0.5727745620521713,30.25,112.3125
2023,Memphis Grizzlies,1610612763,6,2,4,0.3333333333333333,572,231,0.40384615384615385,0.5961538461538461,0.4020979020979021,0.3116883116883117,0.4633431085043988,0.5043366527465468,38.5,104.66666666666667
2023,Miami Heat,1610612748,23,13,10,0.5652173913043478,1997,774,0.3875813720580871,0.6124186279419128,0.45768652979469204,0.3798449612403101,0.5069501226492232,0.567085381394502,33.65217391304348,108.34782608695652
2023,Milwaukee Bucks,1610612749,5,1,4,0.2,463,206,0.4449244060475162,0.5550755939524838,0.47516198704103674,0.3786407766990291,0.5525291828793775,0.5822616060225847,41.2,118.8
2023,Minnesota Timberwolves,1610612750,5,1,4,0.2,413,161,0.3898305084745763,0.6101694915254238,0.4576271186440678,0.34782608695652173,0.5277777777777778,0.5651595744680851,32.2,105.4
2023,New York Knicks,1610612752,11,6,5,0.5454545454545454,896,360,0.4017857142857143,0.5982142857142857,0.4330357142857143,0.2916666666666667,0.5279850746268657,0.5366543185806201,32.72727272727273,100.0909090909091
2023,Philadelphia 76ers,1610612755,11,7,4,0.6363636363636364,924,373,0.4036796536796537,0.5963203463203464,0.43722943722943725,0.35924932975871315,0.4900181488203267,0.5548996458087367,33.90909090909091,102.54545454545455
2023,Phoenix Suns,1610612756,11,6,5,0.5454545454545454,955,284,0.2973821989528796,0.7026178010471205,0.4963350785340314,0.3626760563380282,0.5529061102831595,0.587970938506479,25.818181818181817,114.18181818181819
2023,Sacramento Kings,1610612758,7,3,4,0.42857142857142855,669,278,0.4155455904334828,0.5844544095665172,0.4289985052316891,0.3057553956834532,0.5166240409207161,0.5319433306602512,39.714285714285715,113.71428571428571
2024,Boston Celtics,1610612738,19,16,3,0.8421052631578947,1593,764,0.4795982423101067,0.5204017576898933,0.4689265536723164,0.3599476439790576,0.5693606755126659,0.5890634262003557,40.21052631578947,108.78947368421052
2024,Cleveland Cavaliers,1610612739,12,5,7,0.4166666666666667,1001,394,0.3936063936063936,0.6063936063936064,0.4485514485514486,0.3147208121827411,0.5354200988467874,0.5395320693828156,32.833333333333336,98.08333333333333
2024,Dallas Mavericks,1610612742,22,13,9,0.5909090909090909,1827,728,0.39846743295019155,0.6015325670498084,0.46798029556650245,0.3598901098901099,0.5395814376706096,0.5694922210929559,33.09090909090909,105.95454545454545
2024,Denver Nuggets,1610612743,12,7,5,0.5833333333333334,1022,379,0.37084148727984345,0.6291585127201565,0.4569471624266145,0.3324538258575198,0.5303265940902022,0.5522522522522524,31.583333333333332,102.16666666666667
2024,Indiana Pacers,1610612754,17,8,9,0.47058823529411764,1502,559,0.37217043941411454,0.6278295605858855,0.5066577896138482,0.37209302325581395,0.5864262990455992,0.5962647218252599,32.88235294117647,113.88235294117646
2024,LA Clippers,1610612746,6,2,4,0.3333333333333333,493,190,0.385395537525355,0.6146044624746451,0.4340770791075051,0.3736842105263158,0.47194719471947194,0.5470737913486005,31.666666666666668,100.33333333333333
2024,Los Angeles Lakers,1610612747,5,1,4,0.2,423,147,0.3475177304964539,0.6524822695035462,0.491725768321513,0.29931972789115646,0.5942028985507246,0.5728314238952537,29.4,106.4
2024,Miami Heat,1610612748,5,1,4,0.2,406,170,0.4187192118226601,0.5812807881773399,0.43842364532019706,0.32941176470588235,0.5169491525423728,0.5330712303422757,34,92.2
2024,Milwaukee Bucks,1610612749,6,2,4,0.3333333333333333,518,189,0.36486486486486486,0.6351351351351351,0.47297297297297297,0.3544973544973545,0.541033434650456,0.5759043702516206,31.5,110.16666666666667
2024,Minnesota Timberwolves,1610612750,16,9,7,0.5625,1326,521,0.3929110105580694,0.6070889894419306,0.4675716440422323,0.35892514395393477,0.537888198757764,0.57628390693685,32.5625,107.5
2024,New Orleans Pelicans,1610612740,4,0,4,0,338,131,0.3875739644970414,0.6124260355029586,0.39644970414201186,0.26717557251908397,0.4782608695652174,0.48885733012890537,32.75,89.5
2024,New York Knicks,1610612752,13,7,6,0.5384615384615384,1142,413,0.361646234676007,0.638353765323993,0.45271453590192645,0.37530266343825663,0.49657064471879286,0.5575584480444487,31.76923076923077,109.92307692307692
2024,Oklahoma City Thunder,1610612760,10,6,4,0.6,858,340,0.3962703962703963,0.6037296037296037,0.4592074592074592,0.3558823529411765,0.527027027027027,0.5625931445603577,34,105.7
2024,Orlando Magic,1610612753,7,3,4,0.42857142857142855,588,233,0.39625850340136054,0.6037414965986394,0.4200680272108844,0.3090128755364807,0.49295774647887325,0.5274705458042799,33.285714285714285,100.28571428571429
2024,Philadelphia 76ers,1610612755,6,2,4,0.3333333333333333,500,214,0.428,0.572,0.444,0.37850467289719625,0.493006993006993,0.5742143261608154,35.666666666666664,108.16666666666667
2024,Phoenix Suns,1610612756,4,0,4,0,303,104,0.3432343234323432,0.6567656765676567,0.46534653465346537,0.36538461538461536,0.5175879396984925,0.5861814465765869,26,103.25
2025,Boston Celtics,1610612738,11,6,5,0.5454545454545454,913,433,0.47426067907995617,0.5257393209200438,0.4424972617743702,0.36027713625866054,0.5166666666666667,0.568670787044281,39.36363636363637,105.72727272727273
2025,Cleveland Cavaliers,1610612739,9,5,4,0.5555555555555556,790,369,0.4670886075949367,0.5329113924050632,0.46582278481012657,0.36314363143631434,0.5558194774346793,0.5969303895873128,41,119.44444444444444
2025,Denver Nuggets,1610612743,14,7,7,0.5,1211,479,0.3955408753096614,0.6044591246903386,0.44591246903385634,0.3465553235908142,0.5109289617486339,0.5522784250110603,34.214285714285715,107
2025,Detroit Pistons,1610612765,6,2,4,0.3333333333333333,496,188,0.3790322580645161,0.6209677419354839,0.4495967741935484,0.324468085106383,0.525974025974026,0.5619161340169979,31.333333333333332,106.66666666666667
2025,Golden State Warriors,1610612744,12,5,7,0.4166666666666667,1026,465,0.45321637426900585,0.5467836257309941,0.43079922027290446,0.35268817204301073,0.49554367201426025,0.545299054873748,38.75,103.08333333333333
2025,Houston Rockets,1610612745,7,3,4,0.42857142857142855,576,198,0.34375,0.65625,0.4461805555555556,0.37373737373737376,0.48412698412698413,0.5481927710843374,28.285714285714285,104
2025,Indiana Pacers,1610612754,23,15,8,0.6521739130434783,1940,776,0.4,0.6,0.48350515463917526,0.3904639175257732,0.5455326460481099,0.5992290406854596,33.73913043478261,114.08695652173913
2025,LA Clippers,1610612746,7,3,4,0.42857142857142855,592,231,0.3902027027027027,0.6097972972972973,0.4864864864864865,0.36363636363636365,0.5650969529085873,0.5810388176856565,33,108.28571428571429
2025,Los Angeles Lakers,1610612747,5,1,4,0.2,394,194,0.49238578680203043,0.5076142131979695,0.43908629441624364,0.35051546391752575,0.525,0.5696259985475672,38.8,100.4
2025,Memphis Grizzlies,1610612763,4,0,4,0,347,138,0.3976945244956772,0.6023054755043228,0.414985590778098,0.30434782608695654,0.4880382775119617,0.5246945807664196,34.5,100.5
2025,Miami Heat,1610612748,4,0,4,0,326,159,0.48773006134969327,0.5122699386503068,0.4447852760736196,0.34591194968553457,0.5389221556886228,0.5467765945265086,39.75,95.5
2025,Milwaukee Bucks,1610612749,5,1,4,0.2,439,190,0.4328018223234624,0.5671981776765376,0.4533029612756264,0.37894736842105264,0.5100401606425703,0.5642254444171376,38,110.2
2025,Minnesota Timberwolves,1610612750,15,9,6,0.6,1282,556,0.43369734789391573,0.5663026521060842,0.46177847113884557,0.3579136690647482,0.5413223140495868,0.5735038420550789,37.06666666666667,109.06666666666666
2025,New York Knicks,1610612752,18,10,8,0.5555555555555556,1557,570,0.36608863198458574,0.6339113680154143,0.45536287732819525,0.34912280701754383,0.5167173252279635,0.5594389723571331,31.666666666666668,109.55555555555556
2025,Oklahoma City Thunder,1610612760,23,16,7,0.6956521739130435,2066,805,0.38964181994191677,0.6103581800580833,0.4564375605033882,0.337888198757764,0.5321173671689136,0.5662013427428356,35,114.69565217391305
2025,Orlando Magic,1610612753,5,1,4,0.2,422,156,0.3696682464454976,0.6303317535545023,0.4218009478672986,0.26282051282051283,0.5150375939849624,0.5007275528545749,31.2,93.6
