year_month,year,month,series_name,category,region,value,index_2015,pct_change_2015
2015-01-01,2015,1,Candy_Gum,processed_food,National,143.191,98.51309491253146,-1.4869050874685432
2015-02-01,2015,2,Candy_Gum,processed_food,National,145.625,100.18764759403449,0.1876475940344935
2015-03-01,2015,3,Candy_Gum,processed_food,National,145.808,100.31354863787799,0.31354863787797904
2015-04-01,2015,4,Candy_Gum,processed_food,National,142.936,98.33765903176595,-1.6623409682340595
2015-05-01,2015,5,Candy_Gum,processed_food,National,145.266,99.94066139327047,-0.05933860672951869
2015-06-01,2015,6,Candy_Gum,processed_food,National,144.555,99.45150487866545,-0.548495121334545
2015-07-01,2015,7,Candy_Gum,processed_food,National,145.299,99.9633648601931,-0.03663513980691139
2015-08-01,2015,8,Candy_Gum,processed_food,National,145.817,100.31974049249324,0.31974049249324266
2015-09-01,2015,9,Candy_Gum,processed_food,National,146.961,101.1067940124766,1.1067940124765971
2015-10-01,2015,10,Candy_Gum,processed_food,National,146.318,100.66442039940904,0.6644203994090315
2015-11-01,2015,11,Candy_Gum,processed_food,National,146.485,100.77931370171429,0.7793137017142946
2015-12-01,2015,12,Candy_Gum,processed_food,National,145.966,100.422250085568,0.42225008556799787
2016-01-01,2016,1,Candy_Gum,processed_food,National,144.334,99.29946044866867,-0.7005395513313312
2016-02-01,2016,2,Candy_Gum,processed_food,National,144.378,99.32973173789878,-0.6702682621012142
2016-03-01,2016,3,Candy_Gum,processed_food,National,145.691,100.23305452787969,0.23305452787968853
2016-04-01,2016,4,Candy_Gum,processed_food,National,145.464,100.07688219480606,0.07688219480606642
2016-05-01,2016,5,Candy_Gum,processed_food,National,144.792,99.61455705020046,-0.3854429497995362
2016-06-01,2016,6,Candy_Gum,processed_food,National,145.095,99.82301615558067,-0.17698384441933243
2016-07-01,2016,7,Candy_Gum,processed_food,National,145.185,99.88493470173321,-0.11506529826679374
2016-08-01,2016,8,Candy_Gum,processed_food,National,145.329,99.98400437557727,-0.01599562442273183
2016-09-01,2016,9,Candy_Gum,processed_food,National,146.437,100.74629047709959,0.7462904770996073
2016-10-01,2016,10,Candy_Gum,processed_food,National,144.531,99.4349932663581,-0.5650067336418887
2016-11-01,2016,11,Candy_Gum,processed_food,National,144.658,99.52236721481779,-0.4776327851822114
2016-12-01,2016,12,Candy_Gum,processed_food,National,145.06,99.7989367209658,-0.20106327903420532
2017-01-01,2017,1,Candy_Gum,processed_food,National,144.758,99.59116559943173,-0.40883440056826653
2017-02-01,2017,2,Candy_Gum,processed_food,National,142.968,98.35967451484238,-1.6403254851576146
2017-03-01,2017,3,Candy_Gum,processed_food,National,144.202,99.20864658097828,-0.7913534190217212
2017-04-01,2017,4,Candy_Gum,processed_food,National,143.741,98.89148602790807,-1.1085139720919244
2017-05-01,2017,5,Candy_Gum,processed_food,National,143.28,98.57432547483785,-1.425674525162147
2017-06-01,2017,6,Candy_Gum,processed_food,National,144.109,99.14466408328734,-0.8553359167126681
2017-07-01,2017,7,Candy_Gum,processed_food,National,144.924,99.70537091789086,-0.2946290821091461
2017-08-01,2017,8,Candy_Gum,processed_food,National,144.943,99.7184426109675,-0.28155738903249583
2017-09-01,2017,9,Candy_Gum,processed_food,National,144.316,99.28707673943816,-0.7129232605618389
2017-10-01,2017,10,Candy_Gum,processed_food,National,143.893,98.99605957252125,-1.0039404274787609
2017-11-01,2017,11,Candy_Gum,processed_food,National,144.823,99.63588454943078,-0.36411545056921407
2017-12-01,2017,12,Candy_Gum,processed_food,National,145.607,100.17526388480398,0.17526388480398575
2018-01-01,2018,1,Candy_Gum,processed_food,National,146.172,100.56397475787269,0.5639747578726846
2018-02-01,2018,2,Candy_Gum,processed_food,National,145.931,100.39817065095313,0.39817065095312504
2018-03-01,2018,3,Candy_Gum,processed_food,National,146.384,100.7098273332542,0.7098273332542071
2018-04-01,2018,4,Candy_Gum,processed_food,National,144.381,99.33179568943721,-0.6682043105627864
2018-05-01,2018,5,Candy_Gum,processed_food,National,145.12,99.84021575173415,-0.15978424826584617
2018-06-01,2018,6,Candy_Gum,processed_food,National,145.132,99.84847155788783,-0.15152844211217437
2018-07-01,2018,7,Candy_Gum,processed_food,National,143.76,98.90455772098471,-1.0954422790152936
2018-08-01,2018,8,Candy_Gum,processed_food,National,144.084,99.12746448713385,-0.8725355128661544
2018-09-01,2018,9,Candy_Gum,processed_food,National,145.999,100.44495355249059,0.44495355249058566
2018-10-01,2018,10,Candy_Gum,processed_food,National,146.172,100.56397475787269,0.5639747578726846
2018-11-01,2018,11,Candy_Gum,processed_food,National,147.521,101.49206496631457,1.492064966314583
2018-12-01,2018,12,Candy_Gum,processed_food,National,147.435,101.43289835554661,1.4328983555466146
2019-01-01,2019,1,Candy_Gum,processed_food,National,148.139,101.91723898322869,1.917238983228682
2019-02-01,2019,2,Candy_Gum,processed_food,National,148.168,101.93719051476673,1.937190514766719
2019-03-01,2019,3,Candy_Gum,processed_food,National,149.801,103.06066813551217,3.0606681355121714
2019-04-01,2019,4,Candy_Gum,processed_food,National,147.353,101.37648368016319,1.3764836801631972
2019-05-01,2019,5,Candy_Gum,processed_food,National,147.628,101.5656792378515,1.5656792378514872
2019-06-01,2019,6,Candy_Gum,processed_food,National,150.379,103.4583227985807,3.4583227985806846
2019-07-01,2019,7,Candy_Gum,processed_food,National,148.924,102.45730630244803,2.4573063024480244
2019-08-01,2019,8,Candy_Gum,processed_food,National,149.477,102.83776136936305,2.8377613693630512
2019-09-01,2019,9,Candy_Gum,processed_food,National,152.423,104.8645617800894,4.8645617800894065
2019-10-01,2019,10,Candy_Gum,processed_food,National,152.782,105.11154798085343,5.111547980853418
2019-11-01,2019,11,Candy_Gum,processed_food,National,153.73,105.76375666699344,5.763756666993453
2019-12-01,2019,12,Candy_Gum,processed_food,National,151.161,103.99632616626162,3.9963261662616185
2020-01-01,2020,1,Candy_Gum,processed_food,National,154.723,106.44692462620979,6.446924626209786
2020-02-01,2020,2,Candy_Gum,processed_food,National,153.671,105.72316562007124,5.723165620071237
2020-03-01,2020,3,Candy_Gum,processed_food,National,154.605,106.36574253236533,6.365742532365334
2020-04-01,2020,4,Candy_Gum,processed_food,National,154.955,106.6065368785141,6.6065368785141025
2020-05-01,2020,5,Candy_Gum,processed_food,National,154.793,106.49508349543953,6.495083495439532
2020-06-01,2020,6,Candy_Gum,processed_food,National,153.507,105.61033626930441,5.610336269304401
2020-07-01,2020,7,Candy_Gum,processed_food,National,151.83,104.45658735932881,4.456587359328814
2020-08-01,2020,8,Candy_Gum,processed_food,National,153.738,105.76926053776256,5.769260537762574
2020-09-01,2020,9,Candy_Gum,processed_food,National,155.991,107.3192881431144,7.319288143114411
2020-10-01,2020,10,Candy_Gum,processed_food,National,156.512,107.67772772695297,7.6777277269529725
2020-11-01,2020,11,Candy_Gum,processed_food,National,156.482,107.65708821156879,7.6570882115687935
2020-12-01,2020,12,Candy_Gum,processed_food,National,157.659,108.46684519847474,8.466845198474736
2021-01-01,2021,1,Candy_Gum,processed_food,National,159.009,109.39562339076278,9.395623390762777
2021-02-01,2021,2,Candy_Gum,processed_food,National,157.5,108.3574557669386,8.357455766938594
2021-03-01,2021,3,Candy_Gum,processed_food,National,158.202,108.84042042692839,8.840420426928377
2021-04-01,2021,4,Candy_Gum,processed_food,National,157.38,108.27489770540188,8.274897705401875
2021-05-01,2021,5,Candy_Gum,processed_food,National,158.622,109.12937364230689,9.12937364230689
2021-06-01,2021,6,Candy_Gum,processed_food,National,158.704,109.1857883176903,9.185788317690308
2021-07-01,2021,7,Candy_Gum,processed_food,National,158.332,108.92985832692648,8.92985832692648
2021-08-01,2021,8,Candy_Gum,processed_food,National,159.018,109.40181524537805,9.40181524537804
2021-09-01,2021,9,Candy_Gum,processed_food,National,159.102,109.45960588845374,9.459605888453742
2021-10-01,2021,10,Candy_Gum,processed_food,National,158.966,109.3660400853788,9.366040085378803
2021-11-01,2021,11,Candy_Gum,processed_food,National,161.318,110.98417809149844,10.984178091498421
2021-12-01,2021,12,Candy_Gum,processed_food,National,164.704,113.31369139452607,13.313691394526064
2022-01-01,2022,1,Candy_Gum,processed_food,National,166.658,114.65801182988223,14.658011829882229
2022-02-01,2022,2,Candy_Gum,processed_food,National,168.711,116.07044266600622,16.070442666006212
2022-03-01,2022,3,Candy_Gum,processed_food,National,170.255,117.13268972444526,17.132689724445267
2022-04-01,2022,4,Candy_Gum,processed_food,National,168.895,116.19703169369583,16.19703169369584
2022-05-01,2022,5,Candy_Gum,processed_food,National,168.485,115.91495831677874,15.914958316778732
2022-06-01,2022,6,Candy_Gum,processed_food,National,169.688,116.74260288368427,16.742602883684285
2022-07-01,2022,7,Candy_Gum,processed_food,National,173.142,119.11889908824939,19.118899088249407
2022-08-01,2022,8,Candy_Gum,processed_food,National,176.422,121.37548610358628,21.37548610358629
2022-09-01,2022,9,Candy_Gum,processed_food,National,179.917,123.77998964584312,23.77998964584312
2022-10-01,2022,10,Candy_Gum,processed_food,National,181.485,124.85874831658954,24.858748316589537
2022-11-01,2022,11,Candy_Gum,processed_food,National,182.05,125.24745918965823,25.24745918965824
2022-12-01,2022,12,Candy_Gum,processed_food,National,183.81,126.45831075886338,26.458310758863384
2023-01-01,2023,1,Candy_Gum,processed_food,National,186.999,128.6522912442016,28.65229124420158
2023-02-01,2023,2,Candy_Gum,processed_food,National,186.574,128.3598981095924,28.359898109592397
2023-03-01,2023,3,Candy_Gum,processed_food,National,186.643,128.407368994976,28.407368994976
2023-04-01,2023,4,Candy_Gum,processed_food,National,187.326,128.87726196188913,28.877261961889133
2023-05-01,2023,5,Candy_Gum,processed_food,National,187.949,129.30587589803392,29.30587589803392
2023-06-01,2023,6,Candy_Gum,processed_food,National,192.062,132.13555345720482,32.135553457204836
2023-07-01,2023,7,Candy_Gum,processed_food,National,192.344,132.3295649018161,32.329564901816106
2023-08-01,2023,8,Candy_Gum,processed_food,National,193.059,132.8214733518057,32.8214733518057
2023-09-01,2023,9,Candy_Gum,processed_food,National,193.493,133.12005834103016,33.12005834103015
2023-10-01,2023,10,Candy_Gum,processed_food,National,192.176,132.2139836156647,32.2139836156647
2023-11-01,2023,11,Candy_Gum,processed_food,National,193.398,133.05469987564692,33.05469987564692
2023-12-01,2023,12,Candy_Gum,processed_food,National,193.973,133.45029058717702,33.45029058717702
2024-01-01,2024,1,Candy_Gum,processed_food,National,195.837,134.73269247638063,34.73269247638065
2024-02-01,2024,2,Candy_Gum,processed_food,National,197.362,135.78186784174306,35.78186784174308
2024-03-01,2024,3,Candy_Gum,processed_food,National,194.926,134.10593919254777,34.10593919254775
2024-04-01,2024,4,Candy_Gum,processed_food,National,194.822,134.03438887254927,34.03438887254928
2024-05-01,2024,5,Candy_Gum,processed_food,National,194.502,133.8142340417847,33.81423404178471
2024-06-01,2024,6,Candy_Gum,processed_food,National,194.242,133.63535824178848,33.635358241788474
2024-07-01,2024,7,Candy_Gum,processed_food,National,195.046,134.18849725408447,34.188497254084474
2024-08-01,2024,8,Candy_Gum,processed_food,National,195.712,134.64669449561325,34.64669449561324
2024-09-01,2024,9,Candy_Gum,processed_food,National,194.161,133.5796315502512,33.57963155025121
2024-10-01,2024,10,Candy_Gum,processed_food,National,197.214,135.68004623251446,35.680046232514464
2024-11-01,2024,11,Candy_Gum,processed_food,National,199.561,137.29474431940338,37.29474431940339
2024-12-01,2024,12,Candy_Gum,processed_food,National,201.153,138.39001460245711,38.39001460245713
2015-01-01,2015,1,Dairy,whole_food,National,294.572,100.26242252408943,0.26242252408943983
2015-02-01,2015,2,Dairy,whole_food,National,293.39,99.86010939377333,-0.1398906062266641
2015-03-01,2015,3,Dairy,whole_food,National,290.546,98.89210724265745,-1.1078927573425534
2015-04-01,2015,4,Dairy,whole_food,National,290.678,98.93703561254047,-1.0629643874595358
2015-05-01,2015,5,Dairy,whole_food,National,291.728,99.29442037297355,-0.7055796270264496
2015-06-01,2015,6,Dairy,whole_food,National,290.674,98.93567414678643,-1.064325853213573
2015-07-01,2015,7,Dairy,whole_food,National,290.621,98.91763472554553,-1.08236527445448
2015-08-01,2015,8,Dairy,whole_food,National,293.836,100.01191282534778,0.011912825347777921
2015-09-01,2015,9,Dairy,whole_food,National,295.811,100.68413654140048,0.6841365414004686
2015-10-01,2015,10,Dairy,whole_food,National,296.02,100.75527312704857,0.7552731270485785
2015-11-01,2015,11,Dairy,whole_food,National,298.402,101.56602598357392,1.5660259835739154
2015-12-01,2015,12,Dairy,whole_food,National,299.334,101.8832475042631,1.883247504263095
2016-01-01,2016,1,Dairy,whole_food,National,302.6,102.99488429242925,2.994884292429241
2016-02-01,2016,2,Dairy,whole_food,National,304.649,103.6922951249315,3.6922951249315057
2016-03-01,2016,3,Dairy,whole_food,National,299.141,101.81755678163111,1.8175567816311151
2016-04-01,2016,4,Dairy,whole_food,National,296.946,101.07045244910672,1.0704524491067215
2016-05-01,2016,5,Dairy,whole_food,National,294.891,100.37099941797341,0.370999417973401
2016-06-01,2016,6,Dairy,whole_food,National,294.849,100.35670402755608,0.3567040275560675
2016-07-01,2016,7,Dairy,whole_food,National,294.509,100.24097943846346,0.24097943846345887
2016-08-01,2016,8,Dairy,whole_food,National,294.186,100.13104107882546,0.1310410788254604
2016-09-01,2016,9,Dairy,whole_food,National,293.742,99.97991838012805,-0.02008161987194362
2016-10-01,2016,10,Dairy,whole_food,National,293.669,99.95507163011699,-0.04492836988301776
2016-11-01,2016,11,Dairy,whole_food,National,293.819,100.00612659589314,0.00612659589314846
2016-12-01,2016,12,Dairy,whole_food,National,292.151,99.43839537646231,-0.561604623537693
2017-01-01,2017,1,Dairy,whole_food,National,287.914,97.99626277650518,-2.0037372234948148
2017-02-01,2017,2,Dairy,whole_food,National,290.673,98.93533378034792,-1.0646662196520726
2017-03-01,2017,3,Dairy,whole_food,National,294.153,100.11980898635473,0.11980898635472047
2017-04-01,2017,4,Dairy,whole_food,National,298.253,101.51531138423626,1.5153113842362682
2017-05-01,2017,5,Dairy,whole_food,National,297.511,101.26275948686356,1.2627594868635696
2017-06-01,2017,6,Dairy,whole_food,National,296.963,101.07623867856135,1.076238678561351
2017-07-01,2017,7,Dairy,whole_food,National,296.969,101.0782808771924,1.0782808771923875
2017-08-01,2017,8,Dairy,whole_food,National,296.781,101.01429198675294,1.0142919867529445
2017-09-01,2017,9,Dairy,whole_food,National,297.435,101.23689163753697,1.2368916375369772
2017-10-01,2017,10,Dairy,whole_food,National,297.921,101.40230972665172,1.4023097266517148
2017-11-01,2017,11,Dairy,whole_food,National,297.377,101.21715038410353,1.2171503841035334
2017-12-01,2017,12,Dairy,whole_food,National,296.666,100.97514984632457,0.975149846324556
2018-01-01,2018,1,Dairy,whole_food,National,298.904,101.73688993570478,1.736889935704783
2018-02-01,2018,2,Dairy,whole_food,National,296.615,100.95779115796066,0.9577911579606678
2018-03-01,2018,3,Dairy,whole_food,National,294.77,100.32981507891397,0.3298150789139568
2018-04-01,2018,4,Dairy,whole_food,National,295.556,100.59734309958101,0.5973430995810074
2018-05-01,2018,5,Dairy,whole_food,National,295.196,100.47481118171827,0.47481118171825104
2018-06-01,2018,6,Dairy,whole_food,National,296.877,101.04696716484969,1.0469671648496846
2018-07-01,2018,7,Dairy,whole_food,National,299.191,101.83457510355649,1.8345751035564843
2018-08-01,2018,8,Dairy,whole_food,National,299.146,101.81925861382366,1.819258613823652
2018-09-01,2018,9,Dairy,whole_food,National,299.344,101.88665116864817,1.886651168648169
2018-10-01,2018,10,Dairy,whole_food,National,297.927,101.40435192528277,1.4043519252827708
2018-11-01,2018,11,Dairy,whole_food,National,297.82,101.36793271636245,1.3679327163624377
2018-12-01,2018,12,Dairy,whole_food,National,302.177,102.8509092889405,2.850909288940485
2019-01-01,2019,1,Dairy,whole_food,National,303.062,103.1521335870198,3.1521335870197937
2019-02-01,2019,2,Dairy,whole_food,National,303.461,103.28793979598436,3.2879397959843653
2019-03-01,2019,3,Dairy,whole_food,National,306.206,104.22224566968801,4.222245669687997
2019-04-01,2019,4,Dairy,whole_food,National,302.011,102.7944084601482,2.794408460148208
2019-05-01,2019,5,Dairy,whole_food,National,300.5,102.28011477156306,2.280114771563069
2019-06-01,2019,6,Dairy,whole_food,National,299.13,101.81381275080751,1.8138127508075221
2019-07-01,2019,7,Dairy,whole_food,National,299.999,102.10959118587073,2.1095911858707206
2019-08-01,2019,8,Dairy,whole_food,National,299.529,101.94961895977211,1.9496189597720937
2019-09-01,2019,9,Dairy,whole_food,National,298.136,101.47548851093089,1.4754885109308806
2019-10-01,2019,10,Dairy,whole_food,National,300.571,102.30428078869713,2.3042807886971244
2019-11-01,2019,11,Dairy,whole_food,National,299.46,101.92613367551506,1.9261336755150567
2019-12-01,2019,12,Dairy,whole_food,National,298.408,101.56806818220497,1.5680681822049716
2020-01-01,2020,1,Dairy,whole_food,National,300.165,102.16609201466301,2.1660920146629974
2020-02-01,2020,2,Dairy,whole_food,National,298.648,101.64975612744682,1.649756127446822
2020-03-01,2020,3,Dairy,whole_food,National,299.482,101.93362173716226,1.9336217371622426
2020-04-01,2020,4,Dairy,whole_food,National,303.282,103.22701420349148,3.2270142034914775
2020-05-01,2020,5,Dairy,whole_food,National,304.782,103.73756386125301,3.737563861253023
2020-06-01,2020,6,Dairy,whole_food,National,305.956,104.13715406006108,4.137154060061072
2020-07-01,2020,7,Dairy,whole_food,National,306.679,104.38323899510212,4.383238995102123
2020-08-01,2020,8,Dairy,whole_food,National,307.808,104.76751270417732,4.767512704177319
2020-09-01,2020,9,Dairy,whole_food,National,307.199,104.56022954312614,4.560229543126138
2020-10-01,2020,10,Dairy,whole_food,National,308.975,105.16472033791582,5.164720337915813
2020-11-01,2020,11,Dairy,whole_food,National,308.108,104.86962263572963,4.869622635729632
2020-12-01,2020,12,Dairy,whole_food,National,308.027,104.8420529542105,4.842052954210503
2021-01-01,2021,1,Dairy,whole_food,National,308.639,105.05035721457723,5.050357214577222
2021-02-01,2021,2,Dairy,whole_food,National,308.872,105.12966259474952,5.129662594749516
2021-03-01,2021,3,Dairy,whole_food,National,310.84,105.79950374573266,5.799503745732651
2021-04-01,2021,4,Dairy,whole_food,National,313.434,106.68241428722163,6.682414287221635
2021-05-01,2021,5,Dairy,whole_food,National,313.606,106.74095731464494,6.740957314644949
2021-06-01,2021,6,Dairy,whole_food,National,315.745,107.46900112661292,7.469001126612918
2021-07-01,2021,7,Dairy,whole_food,National,313.551,106.72223716052702,6.722237160527024
2021-08-01,2021,8,Dairy,whole_food,National,314.914,107.18615661621303,7.186156616213014
2021-09-01,2021,9,Dairy,whole_food,National,316.181,107.61740089380227,7.617400893802266
2021-10-01,2021,10,Dairy,whole_food,National,318.38,108.3658666920807,8.365866692080697
2021-11-01,2021,11,Dairy,whole_food,National,319.803,108.85020813407715,8.85020813407715
2021-12-01,2021,12,Dairy,whole_food,National,323.689,110.17287211411808,10.172872114118071
2022-01-01,2022,1,Dairy,whole_food,National,326.175,111.0190230802482,11.019023080248203
2022-02-01,2022,2,Dairy,whole_food,National,332.525,113.18034996477206,13.18034996477207
2022-03-01,2022,3,Dairy,whole_food,National,337.092,114.73480348943671,14.734803489436727
2022-04-01,2022,4,Dairy,whole_food,National,337.923,115.01764799983663,15.017647999836631
2022-05-01,2022,5,Dairy,whole_food,National,339.195,115.45059410961842,15.450594109618418
2022-06-01,2022,6,Dairy,whole_food,National,341.166,116.12145635991709,16.12145635991709
2022-07-01,2022,7,Dairy,whole_food,National,342.591,116.60647853479055,16.606478534790565
2022-08-01,2022,8,Dairy,whole_food,National,344.796,117.35698653170003,17.35698653170003
2022-09-01,2022,9,Dairy,whole_food,National,348.696,118.68441564188007,18.68441564188006
2022-10-01,2022,10,Dairy,whole_food,National,348.108,118.48428017603754,18.48428017603753
2022-11-01,2022,11,Dairy,whole_food,National,350.603,119.33349444011424,19.333494440114237
2022-12-01,2022,12,Dairy,whole_food,National,351.056,119.48768043675821,19.48768043675821
2023-01-01,2023,1,Dairy,whole_food,National,349.549,118.9747482139271,18.97474821392711
2023-02-01,2023,2,Dairy,whole_food,National,350.115,119.16739561812248,19.16739561812248
2023-03-01,2023,3,Dairy,whole_food,National,345.41,117.56597152494376,17.56597152494377
2023-04-01,2023,4,Dairy,whole_food,National,345.165,117.48258174750939,17.48258174750938
2023-05-01,2023,5,Dairy,whole_food,National,348.773,118.71062385764515,18.710623857645153
2023-06-01,2023,6,Dairy,whole_food,National,351.516,119.64424899847177,19.644248998471767
2023-07-01,2023,7,Dairy,whole_food,National,352.364,119.93287973832626,19.932879738326278
2023-08-01,2023,8,Dairy,whole_food,National,352.198,119.876378909534,19.876378909534
2023-09-01,2023,9,Dairy,whole_food,National,351.13,119.51286755320778,19.512867553207787
2023-10-01,2023,10,Dairy,whole_food,National,352.035,119.82089918005727,19.820899180057264
2023-11-01,2023,11,Dairy,whole_food,National,351.497,119.63778203614012,19.63778203614012
2023-12-01,2023,12,Dairy,whole_food,National,352.164,119.86480645062474,19.864806450624744
2024-01-01,2024,1,Dairy,whole_food,National,352.982,120.14322619732405,20.143226197324054
2024-02-01,2024,2,Dairy,whole_food,National,352.713,120.05166762536548,20.051667625365482
2024-03-01,2024,3,Dairy,whole_food,National,352.57,120.00299522465887,20.00299522465887
2024-04-01,2024,4,Dairy,whole_food,National,351.557,119.65820402245058,19.658204022450583
2024-05-01,2024,5,Dairy,whole_food,National,351.182,119.5305666080102,19.530566608010194
2024-06-01,2024,6,Dairy,whole_food,National,349.945,119.10953332357617,19.109533323576162
2024-07-01,2024,7,Dairy,whole_food,National,351.708,119.70959935466526,19.709599354665247
2024-08-01,2024,8,Dairy,whole_food,National,351.517,119.64458936491027,19.644589364910267
2024-09-01,2024,9,Dairy,whole_food,National,353.497,120.31851491315551,20.318514913155514
2024-10-01,2024,10,Dairy,whole_food,National,355.296,120.93083413603085,20.930834136030853
2024-11-01,2024,11,Dairy,whole_food,National,355.041,120.8440406942114,20.84404069421139
2024-12-01,2024,12,Dairy,whole_food,National,355.279,120.92504790657624,20.925047906576225
2015-01-01,2015,1,Frozen_Foods,processed_food,National,196.84,99.78076011608307,-0.21923988391691923
2015-02-01,2015,2,Frozen_Foods,processed_food,National,196.915,99.81877859306289,-0.18122140693711283
2015-03-01,2015,3,Frozen_Foods,processed_food,National,197.113,99.9191473722896,-0.08085262771040486
2015-04-01,2015,4,Frozen_Foods,processed_food,National,196.831,99.7761978988455,-0.22380210115450408
2015-05-01,2015,5,Frozen_Foods,processed_food,National,197.283,100.00532258677717,0.005322586777163102
2015-06-01,2015,6,Frozen_Foods,processed_food,National,196.94,99.83145141872282,-0.16854858127717257
2015-07-01,2015,7,Frozen_Foods,processed_food,National,197.17,99.94804141479425,-0.0519585852057537
2015-08-01,2015,8,Frozen_Foods,processed_food,National,197.426,100.077811149552,0.07781114955200535
2015-09-01,2015,9,Frozen_Foods,processed_food,National,196.977,99.85020720069954,-0.14979279930046208
2015-10-01,2015,10,Frozen_Foods,processed_food,National,198.169,100.45444752816535,0.4544475281653566
2015-11-01,2015,11,Frozen_Foods,processed_food,National,198.045,100.39159031289206,0.39159031289205515
2015-12-01,2015,12,Frozen_Foods,processed_food,National,197.561,100.14624440811568,0.14624440811567707
2016-01-01,2016,1,Frozen_Foods,processed_food,National,198.847,100.79813456006286,0.7981345600628573
2016-02-01,2016,2,Frozen_Foods,processed_food,National,199.188,100.9709919020644,0.9709919020643932
2016-03-01,2016,3,Frozen_Foods,processed_food,National,198.824,100.78647556045573,0.786475560455717
2016-04-01,2016,4,Frozen_Foods,processed_food,National,199,100.87569225310166,0.87569225310167
2016-05-01,2016,5,Frozen_Foods,processed_food,National,198.984,100.8675816446793,0.8675816446793145
2016-06-01,2016,6,Frozen_Foods,processed_food,National,199.02,100.88583051362963,0.8858305136296251
2016-07-01,2016,7,Frozen_Foods,processed_food,National,198.958,100.85440190599297,0.8544019059929744
2016-08-01,2016,8,Frozen_Foods,processed_food,National,198.815,100.78191334321814,0.7819133432181321
2016-09-01,2016,9,Frozen_Foods,processed_food,National,198.923,100.83665995006908,0.8366599500690637
2016-10-01,2016,10,Frozen_Foods,processed_food,National,199.173,100.96338820666844,0.9633882066684376
2016-11-01,2016,11,Frozen_Foods,processed_food,National,198.799,100.77380273479577,0.7738027347957767
2016-12-01,2016,12,Frozen_Foods,processed_food,National,199.18,100.96693659785323,0.9669365978532227
2017-01-01,2017,1,Frozen_Foods,processed_food,National,200.164,101.46573901582833,1.4657390158283485
2017-02-01,2017,2,Frozen_Foods,processed_food,National,199.632,101.19606128578489,1.1960612857848898
2017-03-01,2017,3,Frozen_Foods,processed_food,National,199.855,101.30910289067153,1.3091028906715236
2017-04-01,2017,4,Frozen_Foods,processed_food,National,200.612,101.69283605165442,1.6928360516544307
2017-05-01,2017,5,Frozen_Foods,processed_food,National,199.576,101.16767415630663,1.1676741563066242
2017-06-01,2017,6,Frozen_Foods,processed_food,National,199.179,100.96642968482684,0.9664296848268228
2017-07-01,2017,7,Frozen_Foods,processed_food,National,199.743,101.252328631715,1.2523286317150069
2017-08-01,2017,8,Frozen_Foods,processed_food,National,199.92,101.34205223738736,1.3420522373873598
2017-09-01,2017,9,Frozen_Foods,processed_food,National,200.633,101.70348122520878,1.7034812252087856
2017-10-01,2017,10,Frozen_Foods,processed_food,National,201.027,101.90320495760939,1.9032049576093872
2017-11-01,2017,11,Frozen_Foods,processed_food,National,201.57,102.17845873094322,2.178458730943231
2017-12-01,2017,12,Frozen_Foods,processed_food,National,201.709,102.24891964161249,2.248919641612488
2018-01-01,2018,1,Frozen_Foods,processed_food,National,201.299,102.04108530078952,2.0410853007895162
2018-02-01,2018,2,Frozen_Foods,processed_food,National,201.698,102.24334359832213,2.2433435983221175
2018-03-01,2018,3,Frozen_Foods,processed_food,National,201.687,102.23776755503175,2.237767555031747
2018-04-01,2018,4,Frozen_Foods,processed_food,National,201.946,102.3690580288687,2.3690580288686918
2018-05-01,2018,5,Frozen_Foods,processed_food,National,201.764,102.27679985806435,2.2767998580643534
2018-06-01,2018,6,Frozen_Foods,processed_food,National,202.285,102.54090154481743,2.540901544817442
2018-07-01,2018,7,Frozen_Foods,processed_food,National,202.125,102.45979546059385,2.4597954605938446
2018-08-01,2018,8,Frozen_Foods,processed_food,National,202.036,102.41468020124447,2.414680201244468
2018-09-01,2018,9,Frozen_Foods,processed_food,National,203.018,102.9124687931668,2.9124687931668087
2018-10-01,2018,10,Frozen_Foods,processed_food,National,203.435,103.12385152517456,3.123851525174565
2018-11-01,2018,11,Frozen_Foods,processed_food,National,204.136,103.4791975566792,3.479197556679207
2018-12-01,2018,12,Frozen_Foods,processed_food,National,204.695,103.76256193843541,3.7625619384354057
2019-01-01,2019,1,Frozen_Foods,processed_food,National,205.059,103.94707828004411,3.9470782800440958
2019-02-01,2019,2,Frozen_Foods,processed_food,National,205.947,104.39721704748509,4.397217047485075
2019-03-01,2019,3,Frozen_Foods,processed_food,National,204.958,103.89588006437795,3.8958800643779496
2019-04-01,2019,4,Frozen_Foods,processed_food,National,204.031,103.42597168890748,3.4259716889074747
2019-05-01,2019,5,Frozen_Foods,processed_food,National,205.369,104.10422131822732,4.104221318227321
2019-06-01,2019,6,Frozen_Foods,processed_food,National,205.598,104.22030440127234,4.220304401272354
2019-07-01,2019,7,Frozen_Foods,processed_food,National,206.224,104.53763195579717,4.537631955797174
2019-08-01,2019,8,Frozen_Foods,processed_food,National,206.659,104.75813912228008,4.758139122280086
2019-09-01,2019,9,Frozen_Foods,processed_food,National,206.12,104.48491300105185,4.484913001051843
2019-10-01,2019,10,Frozen_Foods,processed_food,National,205.786,104.31560405023508,4.315604050235077
2019-11-01,2019,11,Frozen_Foods,processed_food,National,205.02,103.9273086720146,3.9273086720146004
2019-12-01,2019,12,Frozen_Foods,processed_food,National,205.115,103.97546540952236,3.9754654095223616
2020-01-01,2020,1,Frozen_Foods,processed_food,National,206.014,104.43118022025371,4.431180220253711
2020-02-01,2020,2,Frozen_Foods,processed_food,National,206.774,104.8164341203158,4.816434120315803
2020-03-01,2020,3,Frozen_Foods,processed_food,National,207.917,105.39583570948814,5.395835709488141
2020-04-01,2020,4,Frozen_Foods,processed_food,National,208.853,105.8703063021962,5.870306302196201
2020-05-01,2020,5,Frozen_Foods,processed_food,National,209.458,106.17698868316667,6.176988683166681
2020-06-01,2020,6,Frozen_Foods,processed_food,National,209.222,106.05735720893688,6.057357208936877
2020-07-01,2020,7,Frozen_Foods,processed_food,National,209.471,106.18357855250986,6.18357855250985
2020-08-01,2020,8,Frozen_Foods,processed_food,National,209.262,106.07763372999277,6.0776337299927725
2020-09-01,2020,9,Frozen_Foods,processed_food,National,209.015,105.95242621247259,5.9524262124725835
2020-10-01,2020,10,Frozen_Foods,processed_food,National,210.209,106.5576803659912,6.557680365991201
2020-11-01,2020,11,Frozen_Foods,processed_food,National,210.976,106.94648265723808,6.9464826572380804
2020-12-01,2020,12,Frozen_Foods,processed_food,National,211.003,106.96016930895081,6.960169308950806
2021-01-01,2021,1,Frozen_Foods,processed_food,National,210.914,106.91505404960142,6.915054049601429
2021-02-01,2021,2,Frozen_Foods,processed_food,National,210.432,106.67072197087784,6.670721970877837
2021-03-01,2021,3,Frozen_Foods,processed_food,National,210.96,106.93837204881574,6.938372048815725
2021-04-01,2021,4,Frozen_Foods,processed_food,National,211.134,107.02657491540887,7.026574915408877
2021-05-01,2021,5,Frozen_Foods,processed_food,National,211.938,107.43413298863247,7.434132988632465
2021-06-01,2021,6,Frozen_Foods,processed_food,National,212.638,107.78897210711071,7.788972107110721
2021-07-01,2021,7,Frozen_Foods,processed_food,National,213.136,108.04141479425667,8.041414794256669
2021-08-01,2021,8,Frozen_Foods,processed_food,National,213.86,108.40841982536847,8.408419825368465
2021-09-01,2021,9,Frozen_Foods,processed_food,National,213.98,108.46924938853616,8.469249388536152
2021-10-01,2021,10,Frozen_Foods,processed_food,National,213.399,108.17473292019922,8.174732920199212
2021-11-01,2021,11,Frozen_Foods,processed_food,National,213.682,108.3181893066697,8.318189306669698
2021-12-01,2021,12,Frozen_Foods,processed_food,National,213.576,108.26445652587155,8.264456525871566
2022-01-01,2022,1,Frozen_Foods,processed_food,National,214.068,108.51385773485916,8.513857734859142
2022-02-01,2022,2,Frozen_Foods,processed_food,National,215.762,109.3725684015765,9.372568401576494
2022-03-01,2022,3,Frozen_Foods,processed_food,National,216.574,109.78418177901126,9.784181779011268
2022-04-01,2022,4,Frozen_Foods,processed_food,National,217.197,110.0999885944569,10.099988594456903
2022-05-01,2022,5,Frozen_Foods,processed_food,National,217.666,110.33773080383733,10.337730803837324
2022-06-01,2022,6,Frozen_Foods,processed_food,National,218.737,110.88063465510905,10.880634655109041
2022-07-01,2022,7,Frozen_Foods,processed_food,National,219.638,111.33736329189318,11.337363291893192
2022-08-01,2022,8,Frozen_Foods,processed_food,National,220.711,111.8812809692177,11.881280969217709
2022-09-01,2022,9,Frozen_Foods,processed_food,National,220.23,111.6374558035205,11.637455803520501
2022-10-01,2022,10,Frozen_Foods,processed_food,National,221.446,112.25386204361986,12.253862043619861
2022-11-01,2022,11,Frozen_Foods,processed_food,National,223.315,113.20128248995678,13.201282489956782
2022-12-01,2022,12,Frozen_Foods,processed_food,National,224.841,113.97483176823937,13.974831768239365
2023-01-01,2023,1,Frozen_Foods,processed_food,National,225.372,114.24400258525644,14.244002585256437
2023-02-01,2023,2,Frozen_Foods,processed_food,National,225.024,114.06759685207011,14.067596852070102
2023-03-01,2023,3,Frozen_Foods,processed_food,National,224.974,114.04225120075023,14.042251200750222
2023-04-01,2023,4,Frozen_Foods,processed_food,National,225.14,114.1263987631322,14.126398763132203
2023-05-01,2023,5,Frozen_Foods,processed_food,National,226.072,114.59884170373469,14.598841703734678
2023-06-01,2023,6,Frozen_Foods,processed_food,National,225.688,114.40418710159803,14.404187101598032
2023-07-01,2023,7,Frozen_Foods,processed_food,National,225.608,114.36363405948624,14.363634059486241
2023-08-01,2023,8,Frozen_Foods,processed_food,National,225.949,114.53649140148778,14.536491401487792
2023-09-01,2023,9,Frozen_Foods,processed_food,National,226.652,114.89285125904523,14.892851259045218
2023-10-01,2023,10,Frozen_Foods,processed_food,National,227.372,115.25782863805144,15.257828638051429
2023-11-01,2023,11,Frozen_Foods,processed_food,National,226.653,114.89335817207163,14.893358172071618
2023-12-01,2023,12,Frozen_Foods,processed_food,National,227.542,115.344003852539,15.344003852538995
2024-01-01,2024,1,Frozen_Foods,processed_food,National,228.114,115.63395810363836,15.633958103638365
2024-02-01,2024,2,Frozen_Foods,processed_food,National,229.119,116.14340569516786,16.143405695167846
2024-03-01,2024,3,Frozen_Foods,processed_food,National,228.767,115.96497230987592,15.964972309875927
2024-04-01,2024,4,Frozen_Foods,processed_food,National,228.725,115.94368196276723,15.943681962767231
2024-05-01,2024,5,Frozen_Foods,processed_food,National,229.235,116.20220760622996,16.202207606229962
2024-06-01,2024,6,Frozen_Foods,processed_food,National,229.527,116.35022620993803,16.35022620993802
2024-07-01,2024,7,Frozen_Foods,processed_food,National,229.992,116.58594076721285,16.585940767212858
2024-08-01,2024,8,Frozen_Foods,processed_food,National,230.143,116.66248463419888,16.662484634198883
2024-09-01,2024,9,Frozen_Foods,processed_food,National,230.211,116.69695471999393,16.69695471999392
2024-10-01,2024,10,Frozen_Foods,processed_food,National,229.83,116.50382085693647,16.50382085693647
2024-11-01,2024,11,Frozen_Foods,processed_food,National,229.105,116.13630891279827,16.136308912798278
2024-12-01,2024,12,Frozen_Foods,processed_food,National,229.766,116.47137842324702,16.47137842324702
2015-01-01,2015,1,Fruits_Vegetables,whole_food,National,262.134,100.69270876014096,0.6927087601409522
2015-02-01,2015,2,Fruits_Vegetables,whole_food,National,262.037,100.65544845529786,0.6554484552978667
2015-03-01,2015,3,Fruits_Vegetables,whole_food,National,260.598,100.10268991231666,0.10268991231664612
2015-04-01,2015,4,Fruits_Vegetables,whole_food,National,259.017,99.49538535605998,-0.5046146439400186
2015-05-01,2015,5,Fruits_Vegetables,whole_food,National,257.79,99.02406170613784,-0.9759382938621596
2015-06-01,2015,6,Fruits_Vegetables,whole_food,National,261.146,100.3131914283373,0.31319142833729746
2015-07-01,2015,7,Fruits_Vegetables,whole_food,National,261.275,100.36274379251002,0.3627437925100274
2015-08-01,2015,8,Fruits_Vegetables,whole_food,National,262.348,100.77491190690814,0.77491190690814
2015-09-01,2015,9,Fruits_Vegetables,whole_food,National,261.79,100.56056912234696,0.5605691223469693
2015-10-01,2015,10,Fruits_Vegetables,whole_food,National,260.802,100.18105179054331,0.18105179054331466
2015-11-01,2015,11,Fruits_Vegetables,whole_food,National,259.094,99.524963123822,-0.47503687617799367
2015-12-01,2015,12,Fruits_Vegetables,whole_food,National,255.937,98.31227464557895,-1.6877253544210418
2016-01-01,2016,1,Fruits_Vegetables,whole_food,National,253.24,97.27628452019995,-2.723715479800048
2016-02-01,2016,2,Fruits_Vegetables,whole_food,National,252.506,96.99433540932557,-3.0056645906744266
2016-03-01,2016,3,Fruits_Vegetables,whole_food,National,251.508,96.61097680898139,-3.3890231910186004
2016-04-01,2016,4,Fruits_Vegetables,whole_food,National,250.703,96.30175469146931,-3.6982453085306908
2016-05-01,2016,5,Fruits_Vegetables,whole_food,National,249.343,95.7793421699582,-4.220657830041799
2016-06-01,2016,6,Fruits_Vegetables,whole_food,National,247.683,95.14169159223141,-4.858308407768586
2016-07-01,2016,7,Fruits_Vegetables,whole_food,National,246.197,94.57087908710973,-5.429120912890275
2016-08-01,2016,8,Fruits_Vegetables,whole_food,National,245.208,94.19097762845202,-5.809022371547983
2016-09-01,2016,9,Fruits_Vegetables,whole_food,National,245.258,94.21018397115463,-5.789816028845364
2016-10-01,2016,10,Fruits_Vegetables,whole_food,National,244.097,93.76421269359993,-6.235787306400065
2016-11-01,2016,11,Fruits_Vegetables,whole_food,National,243.807,93.65281590592477,-6.347184094075234
2016-12-01,2016,12,Fruits_Vegetables,whole_food,National,242.631,93.20108272555927,-6.798917274440713
2017-01-01,2017,1,Fruits_Vegetables,whole_food,National,244.075,93.75576190281078,-6.244238097189222
2017-02-01,2017,2,Fruits_Vegetables,whole_food,National,244.889,94.06844116200934,-5.931558837990656
2017-03-01,2017,3,Fruits_Vegetables,whole_food,National,245.303,94.22746967958699,-5.772530320413017
2017-04-01,2017,4,Fruits_Vegetables,whole_food,National,243.69,93.60787306400066,-6.3921269359993484
2017-05-01,2017,5,Fruits_Vegetables,whole_food,National,243.922,93.69699049414079,-6.303009505859218
2017-06-01,2017,6,Fruits_Vegetables,whole_food,National,244.721,94.00390785052856,-5.996092149471442
2017-07-01,2017,7,Fruits_Vegetables,whole_food,National,246.283,94.60391399655822,-5.396086003441783
2017-08-01,2017,8,Fruits_Vegetables,whole_food,National,246.4,94.64885683848235,-5.351143161517659
2017-09-01,2017,9,Fruits_Vegetables,whole_food,National,246.196,94.57049496025567,-5.4295050397443285
2017-10-01,2017,10,Fruits_Vegetables,whole_food,National,247.553,95.09175510120463,-4.908244898795382
2017-11-01,2017,11,Fruits_Vegetables,whole_food,National,247.049,94.89815516676228,-5.1018448332377275
2017-12-01,2017,12,Fruits_Vegetables,whole_food,National,249.975,96.02211034171924,-3.9778896582807555
2018-01-01,2018,1,Fruits_Vegetables,whole_food,National,249.003,95.64873903958042,-4.351260960419577
2018-02-01,2018,2,Fruits_Vegetables,whole_food,National,249.041,95.66333586003441,-4.336664139965586
2018-03-01,2018,3,Fruits_Vegetables,whole_food,National,250.248,96.126976972875525,-3.873023027124484
2018-04-01,2018,4,Fruits_Vegetables,whole_food,National,251.733,96.69740535114316,-3.3025946488568394
2018-05-01,2018,5,Fruits_Vegetables,whole_food,National,248.904,95.61071048102924,-4.389289518970749
2018-06-01,2018,6,Fruits_Vegetables,whole_food,National,247.391,95.02952655084815,-4.970473449151854
2018-07-01,2018,7,Fruits_Vegetables,whole_food,National,248.533,95.46819941817584,-4.531800581824149
2018-08-01,2018,8,Fruits_Vegetables,whole_food,National,249.18,95.71672949274769,-4.283270507252315
2018-09-01,2018,9,Fruits_Vegetables,whole_food,National,248.003,95.26461218552814,-4.735387814471858
2018-10-01,2018,10,Fruits_Vegetables,whole_food,National,247.474,95.06140907973449,-4.938590920265515
2018-11-01,2018,11,Fruits_Vegetables,whole_food,National,248.401,95.41749467344096,-4.5825053265590405
2018-12-01,2018,12,Fruits_Vegetables,whole_food,National,248.956,95.63068507743996,-4.369314922560033
2019-01-01,2019,1,Fruits_Vegetables,whole_food,National,249.304,95.76436122265017,-4.235638777349834
2019-02-01,2019,2,Fruits_Vegetables,whole_food,National,250.011,96.03593890846513,-3.9640610915348726
2019-03-01,2019,3,Fruits_Vegetables,whole_food,National,249.567,95.86538658526592,-4.134613414734082
2019-04-01,2019,4,Fruits_Vegetables,whole_food,National,248.858,95.59304064574285,-4.40695935425715
2019-05-01,2019,5,Fruits_Vegetables,whole_food,National,249.84,95.97025321642218,-4.02974678357781
2019-06-01,2019,6,Fruits_Vegetables,whole_food,National,248.48,95.44784069491108,-4.552159305088919
2019-07-01,2019,7,Fruits_Vegetables,whole_food,National,248.753,95.55270732606735,-4.4472926739326475
2019-08-01,2019,8,Fruits_Vegetables,whole_food,National,248.206,95.34258993690075,-4.6574100630992445
2019-09-01,2019,9,Fruits_Vegetables,whole_food,National,249.089,95.68177394902892,-4.3182260509710755
2019-10-01,2019,10,Fruits_Vegetables,whole_food,National,250.148,96.08856428747029,-3.9114357125297095
2019-11-01,2019,11,Fruits_Vegetables,whole_food,National,251.124,96.46347209702532,-3.536527902974682
2019-12-01,2019,12,Fruits_Vegetables,whole_food,National,254.035,97.58166536917152,-2.4183346308284883
2020-01-01,2020,1,Fruits_Vegetables,whole_food,National,254.63,97.81022084733262,-2.1897791526673807
2020-02-01,2020,2,Fruits_Vegetables,whole_food,National,255.366,98.0929382119151,-1.9070617880848941
2020-03-01,2020,3,Fruits_Vegetables,whole_food,National,255.761,98.24466831926574,-1.7553316807342498
2020-04-01,2020,4,Fruits_Vegetables,whole_food,National,265.629,102.03523211505367,2.03523211505368
2020-05-01,2020,5,Fruits_Vegetables,whole_food,National,274.348,105.38443415553553,5.384434155535526
2020-06-01,2020,6,Fruits_Vegetables,whole_food,National,279.804,107.48023027124476,7.480230271244763
2020-07-01,2020,7,Fruits_Vegetables,whole_food,National,269.268,103.43306973694992,3.4330697369499177
2020-08-01,2020,8,Fruits_Vegetables,whole_food,National,265.664,102.0486765549455,2.048676554945498
2020-09-01,2020,9,Fruits_Vegetables,whole_food,National,264.322,101.53317831680735,1.5331783168073412
2020-10-01,2020,10,Fruits_Vegetables,whole_food,National,265.076,101.82280996476277,1.8228099647627691
2020-11-01,2020,11,Fruits_Vegetables,whole_food,National,266.178,102.24611775792837,2.2461177579283746
2020-12-01,2020,12,Fruits_Vegetables,whole_food,National,265.884,102.13318446283701,2.1331844628370105
2021-01-01,2021,1,Fruits_Vegetables,whole_food,National,267.661,102.81577788248791,2.815777882487911
2021-02-01,2021,2,Fruits_Vegetables,whole_food,National,268.723,103.22372060149144,3.2237206014914395
2021-03-01,2021,3,Fruits_Vegetables,whole_food,National,269.845,103.65471093173811,3.6547109317381055
2021-04-01,2021,4,Fruits_Vegetables,whole_food,National,271.128,104.14754568548716,4.1475456854871675
2021-05-01,2021,5,Fruits_Vegetables,whole_food,National,274.89,105.59263091043185,5.592630910431853
2021-06-01,2021,6,Fruits_Vegetables,whole_food,National,281.893,108.28267126935998,8.28267126935998
2021-07-01,2021,7,Fruits_Vegetables,whole_food,National,285.222,109.56142956650004,9.561429566500031
2021-08-01,2021,8,Fruits_Vegetables,whole_food,National,287.015,110.25016901581577,10.250169015815775
2021-09-01,2021,9,Fruits_Vegetables,whole_food,National,291.657,112.03328587232646,12.033285872326466
2021-10-01,2021,10,Fruits_Vegetables,whole_food,National,296.282,113.80987257231827,13.809872572318275
2021-11-01,2021,11,Fruits_Vegetables,whole_food,National,299.985,115.23229431287389,15.232294312873886
2021-12-01,2021,12,Fruits_Vegetables,whole_food,National,299.05,114.873135704335,14.873135704335
2022-01-01,2022,1,Fruits_Vegetables,whole_food,National,300.28,115.3456117348193,15.345611734819292
2022-02-01,2022,2,Fruits_Vegetables,whole_food,National,303.513,116.58749385397032,16.587493853970322
2022-03-01,2022,3,Fruits_Vegetables,whole_food,National,306.96,117.91157911988854,17.91157911988854
2022-04-01,2022,4,Fruits_Vegetables,whole_food,National,310.232,119.16844218634763,19.16844218634763
2022-05-01,2022,5,Fruits_Vegetables,whole_food,National,314.287,120.7260765795296,20.72607657952961
2022-06-01,2022,6,Fruits_Vegetables,whole_food,National,315.374,121.14362246988446,21.14362246988446
2022-07-01,2022,7,Fruits_Vegetables,whole_food,National,316.575,121.60495882160123,21.60495882160124
2022-08-01,2022,8,Fruits_Vegetables,whole_food,National,317.815,122.08127612062607,22.08127612062607
2022-09-01,2022,9,Fruits_Vegetables,whole_food,National,317.661,122.02212058510202,22.022120585102023
2022-10-01,2022,10,Fruits_Vegetables,whole_food,National,320.047,122.93864725887079,22.938647258870777
2022-11-01,2022,11,Fruits_Vegetables,whole_food,National,320.092,122.95593296730311,22.955932967303113
2022-12-01,2022,12,Fruits_Vegetables,whole_food,National,321.246,123.39921535687945,23.399215356879445
2023-01-01,2023,1,Fruits_Vegetables,whole_food,National,323.957,124.44058325821518,24.440583258215188
2023-02-01,2023,2,Fruits_Vegetables,whole_food,National,323.371,124.21548492174055,24.215484921740547
2023-03-01,2023,3,Fruits_Vegetables,whole_food,National,320.077,122.95017106449234,22.950171064492334
2023-04-01,2023,4,Fruits_Vegetables,whole_food,National,318.709,122.42468552814883,22.424685528148814
2023-05-01,2023,5,Fruits_Vegetables,whole_food,National,315.58,121.22275260181921,21.222752601819217
2023-06-01,2023,6,Fruits_Vegetables,whole_food,National,315.173,121.06641297221994,21.066412972219943
2023-07-01,2023,7,Fruits_Vegetables,whole_food,National,316.08,121.41481602884537,21.414816028845358
2023-08-01,2023,8,Fruits_Vegetables,whole_food,National,317.844,122.09241579939358,22.092415799393585
2023-09-01,2023,9,Fruits_Vegetables,whole_food,National,318.137,122.20496496763091,22.204964967630907
2023-10-01,2023,10,Fruits_Vegetables,whole_food,National,321.194,123.37924076046873,23.379240760468743
2023-11-01,2023,11,Fruits_Vegetables,whole_food,National,320.186,122.99204089158403,22.992040891584026
2023-12-01,2023,12,Fruits_Vegetables,whole_food,National,320.909,123.26976460706382,23.26976460706383
2024-01-01,2024,1,Fruits_Vegetables,whole_food,National,321.246,123.39921535687945,23.399215356879445
2024-02-01,2024,2,Fruits_Vegetables,whole_food,National,321.927,123.66080574448905,23.660805744489068
2024-03-01,2024,3,Fruits_Vegetables,whole_food,National,324.491,124.64570699827911,24.645706998279103
2024-04-01,2024,4,Fruits_Vegetables,whole_food,National,322.314,123.80946283700729,23.8094628370073
2024-05-01,2024,5,Fruits_Vegetables,whole_food,National,323.217,124.1563293862165,24.156329386216495
2024-06-01,2024,6,Fruits_Vegetables,whole_food,National,323.853,124.40063406539377,24.400634065393756
2024-07-01,2024,7,Fruits_Vegetables,whole_food,National,325.795,125.1466084159633,25.14660841596329
2024-08-01,2024,8,Fruits_Vegetables,whole_food,National,328.163,126.0562208063591,26.056220806359093
2024-09-01,2024,9,Fruits_Vegetables,whole_food,National,330.5,126.95392526427926,26.95392526427927
2024-10-01,2024,10,Fruits_Vegetables,whole_food,National,327.535,125.81498914201426,25.814989142014266
2024-11-01,2024,11,Fruits_Vegetables,whole_food,National,332.318,127.65226788494633,27.652267884946312
2024-12-01,2024,12,Fruits_Vegetables,whole_food,National,333.81,128.22538515119234,28.225385151192327
2015-01-01,2015,1,Meats,whole_food,National,273.035,99.62602460106808,-0.37397539893191006
2015-02-01,2015,2,Meats,whole_food,National,273.047,99.63040320562506,-0.36959679437493803
2015-03-01,2015,3,Meats,whole_food,National,273.583,99.82598087583648,-0.17401912416352697
2015-04-01,2015,4,Meats,whole_food,National,273.066,99.63733599617358,-0.362664003826418
2015-05-01,2015,5,Meats,whole_food,National,273.308,99.72563785473919,-0.27436214526081165
2015-06-01,2015,6,Meats,whole_food,National,274.079,100.00696319752464,0.006963197524637078
2015-07-01,2015,7,Meats,whole_food,National,274.756,100.25398947128046,0.2539894712804541
2015-08-01,2015,8,Meats,whole_food,National,274.374,100.11460389288354,0.11460389288353492
2015-09-01,2015,9,Meats,whole_food,National,274.055,99.99820598841069,-0.0017940115893070132
2015-10-01,2015,10,Meats,whole_food,National,276.14,100.75898853018455,0.7589885301845495
2015-11-01,2015,11,Meats,whole_food,National,274.797,100.26894970351678,0.2689497035167943
2015-12-01,2015,12,Meats,whole_food,National,274.479,100.15291668275704,0.15291668275702475
2016-01-01,2016,1,Meats,whole_food,National,274.003,99.97923203533048,-0.02076796466952612
2016-02-01,2016,2,Meats,whole_food,National,274.877,100.29814040056326,0.2981404005632677
2016-03-01,2016,3,Meats,whole_food,National,272.782,99.53370902165858,-0.46629097834141614
2016-04-01,2016,4,Meats,whole_food,National,273.813,99.90990412984509,-0.09009587015491338
2016-05-01,2016,5,Meats,whole_food,National,272.921,99.58442785777684,-0.41557214222315486
2016-06-01,2016,6,Meats,whole_food,National,272.745,99.52020832427459,-0.4797916757254046
2016-07-01,2016,7,Meats,whole_food,National,272.772,99.53006018452778,-0.4699398154722227
2016-08-01,2016,8,Meats,whole_food,National,272.535,99.44358274452759,-0.5564172554724051
2016-09-01,2016,9,Meats,whole_food,National,272.352,99.37680902503375,-0.6231909749662443
2016-10-01,2016,10,Meats,whole_food,National,272.871,99.56618367212279,-0.43381632787720853
2016-11-01,2016,11,Meats,whole_food,National,272.989,99.60923995026634,-0.3907600497336535
2016-12-01,2016,12,Meats,whole_food,National,272.604,99.46875972073018,-0.5312402792698313
2017-01-01,2017,1,Meats,whole_food,National,272.686,99.4986801852028,-0.5013198147971925
2017-02-01,2017,2,Meats,whole_food,National,271.755,99.15897344832442,-0.8410265516755879
2017-03-01,2017,3,Meats,whole_food,National,271.674,99.12941786756485,-0.8705821324351545
2017-04-01,2017,4,Meats,whole_food,National,271.76,99.16079786688982,-0.8392021331101847
2017-05-01,2017,5,Meats,whole_food,National,272.234,99.3337527468902,-0.6662472531097993
2017-06-01,2017,6,Meats,whole_food,National,272.011,99.25238367887316,-0.7476163211268441
2017-07-01,2017,7,Meats,whole_food,National,271.314,98.9980597308557,-1.001940269144295
2017-08-01,2017,8,Meats,whole_food,National,272.102,99.2855880967635,-0.7144119032364918
2017-09-01,2017,9,Meats,whole_food,National,271.729,99.1494864717843,-0.8505135282156975
2017-10-01,2017,10,Meats,whole_food,National,271.081,98.91304182570784,-1.0869581742921672
2017-11-01,2017,11,Meats,whole_food,National,270.714,98.7791295030071,-1.2208704969928974
2017-12-01,2017,12,Meats,whole_food,National,270.85,98.82875368798612,-1.1712463120138739
2018-01-01,2018,1,Meats,whole_food,National,272.389,99.39030972241777,-0.609690277582235
2018-02-01,2018,2,Meats,whole_food,National,271.446,99.0462243809824,-0.9537756190176025
2018-03-01,2018,3,Meats,whole_food,National,271.76,99.16079786688982,-0.8392021331101847
2018-04-01,2018,4,Meats,whole_food,National,271.705,99.14072926267036,-0.8592707373296417
2018-05-01,2018,5,Meats,whole_food,National,271.759,99.16043298317673,-0.8395670168232571
2018-06-01,2018,6,Meats,whole_food,National,273.068,99.63806576359974,-0.3619342364002525
2018-07-01,2018,7,Meats,whole_food,National,272.584,99.46146204646855,-0.5385379535314445
2018-08-01,2018,8,Meats,whole_food,National,273.004,99.61471320596257,-0.38528679403742294
2018-09-01,2018,9,Meats,whole_food,National,273.465,99.7829245976929,-0.21707540230710268
2018-10-01,2018,10,Meats,whole_food,National,272.303,99.35892972309279,-0.6410702769072049
2018-11-01,2018,11,Meats,whole_food,National,274.215,100.05658738250365,0.056587382503639753
2018-12-01,2018,12,Meats,whole_food,National,275.534,100.53786900005748,0.5378690000574716
2019-01-01,2019,1,Meats,whole_food,National,275.442,100.50429969845402,0.5042996984540262
2019-02-01,2019,2,Meats,whole_food,National,276.175,100.77175946014239,0.7717594601423933
2019-03-01,2019,3,Meats,whole_food,National,276.658,100.94799829356052,0.9479982935605129
2019-04-01,2019,4,Meats,whole_food,National,276.583,100.92063201507943,0.9206320150794428
2019-05-01,2019,5,Meats,whole_food,National,277.556,101.27566386790723,1.27566386790723
2019-06-01,2019,6,Meats,whole_food,National,276.249,100.7987608549104,0.7987608549103911
2019-07-01,2019,7,Meats,whole_food,National,276.646,100.94361968900354,0.9436196890035409
2019-08-01,2019,8,Meats,whole_food,National,276.228,100.79109829693569,0.7910982969356847
2019-09-01,2019,9,Meats,whole_food,National,276.947,101.05344968664092,1.0534496866409144
2019-10-01,2019,10,Meats,whole_food,National,276.454,100.873562016092,0.8735620160919881
2019-11-01,2019,11,Meats,whole_food,National,277.131,101.1205882898478,1.120588289847805
2019-12-01,2019,12,Meats,whole_food,National,276.485,100.88487341119749,0.884873411197501
2020-01-01,2020,1,Meats,whole_food,National,276.557,100.91114503853933,0.9111450385393332
2020-02-01,2020,2,Meats,whole_food,National,276.841,101.01477201305433,1.0147720130543314
2020-03-01,2020,3,Meats,whole_food,National,276.988,101.06840991887725,1.0684099188772338
2020-04-01,2020,4,Meats,whole_food,National,285.101,104.02871148310331,4.028711483103304
2020-05-01,2020,5,Meats,whole_food,National,284.648,103.86341916107762,3.8634191610776254
2020-06-01,2020,6,Meats,whole_food,National,285.551,104.19290915398976,4.1929091539897465
2020-07-01,2020,7,Meats,whole_food,National,284.114,103.66857125829236,3.6685712582923595
2020-08-01,2020,8,Meats,whole_food,National,284.153,103.68280172310253,3.6828017231025343
2020-09-01,2020,9,Meats,whole_food,National,283.994,103.62478521272267,3.6247852127226596
2020-10-01,2020,10,Meats,whole_food,National,284.619,103.85283753339827,3.852837533398278
2020-11-01,2020,11,Meats,whole_food,National,283.571,103.4704394020894,3.4704394020894003
2020-12-01,2020,12,Meats,whole_food,National,285.403,104.13890636445377,4.138906364453772
2021-01-01,2021,1,Meats,whole_food,National,283.653,103.50035986656204,3.500359866562039
2021-02-01,2021,2,Meats,whole_food,National,284.413,103.77767148850359,3.777671488503588
2021-03-01,2021,3,Meats,whole_food,National,284.126,103.67294986284934,3.672949862849331
2021-04-01,2021,4,Meats,whole_food,National,285.404,104.13927124816684,4.139271248166844
2021-05-01,2021,5,Meats,whole_food,National,286.442,104.51802054234491,4.518020542344916
2021-06-01,2021,6,Meats,whole_food,National,286.231,104.44103007888481,4.441030078884822
2021-07-01,2021,7,Meats,whole_food,National,288.263,105.18247378386538,5.182473783865387
2021-08-01,2021,8,Meats,whole_food,National,288.582,105.29887168833822,5.298871688338229
2021-09-01,2021,9,Meats,whole_food,National,291.657,106.42088910606226,6.420889106062269
2021-10-01,2021,10,Meats,whole_food,National,294.452,107.44073908412363,7.440739084123642
2021-11-01,2021,11,Meats,whole_food,National,296.521,108.19568348648822,8.195683486488216
2021-12-01,2021,12,Meats,whole_food,National,299.098,109.13598881509792,9.135988815097926
2022-01-01,2022,1,Meats,whole_food,National,303.065,110.58348250489021,10.583482504890206
2022-02-01,2022,2,Meats,whole_food,National,306.64,111.88794177915473,11.88794177915474
2022-03-01,2022,3,Meats,whole_food,National,311.031,113.49014616329339,13.490146163293376
2022-04-01,2022,4,Meats,whole_food,National,314.881,114.89494845865518,14.894948458655174
2022-05-01,2022,5,Meats,whole_food,National,319.697,116.65222842085323,16.652228420853234
2022-06-01,2022,6,Meats,whole_food,National,325.802,118.87984348921267,18.879843489212682
2022-07-01,2022,7,Meats,whole_food,National,331.447,120.93961204955485,20.939612049554864
2022-08-01,2022,8,Meats,whole_food,National,335.829,122.53853248027578,22.538532480275762
2022-09-01,2022,9,Meats,whole_food,National,338.9,123.65909036314748,23.659090363147474
2022-10-01,2022,10,Meats,whole_food,National,341.299,124.53444639082878,24.53444639082877
2022-11-01,2022,11,Meats,whole_food,National,344.928,125.85860938559969,25.85860938559969
2022-12-01,2022,12,Meats,whole_food,National,347.128,126.66135355437787,26.661353554377857
2023-01-01,2023,1,Meats,whole_food,National,350.237,127.79577701834668,27.795777018346673
2023-02-01,2023,2,Meats,whole_food,National,351.38,128.21283910239822,28.212839102398235
2023-03-01,2023,3,Meats,whole_food,National,353.267,128.90137466898207,28.90137466898206
2023-04-01,2023,4,Meats,whole_food,National,353.928,129.1425628033286,29.142562803328598
2023-05-01,2023,5,Meats,whole_food,National,353.983,129.16263140754805,29.162631407548055
2023-06-01,2023,6,Meats,whole_food,National,354.352,129.29727349767492,29.29727349767493
2023-07-01,2023,7,Meats,whole_food,National,354.786,129.4556330291521,29.45563302915209
2023-08-01,2023,8,Meats,whole_food,National,355.865,129.8493425555665,29.849342555566476
2023-09-01,2023,9,Meats,whole_food,National,355.174,129.5972079098275,29.597207909827507
2023-10-01,2023,10,Meats,whole_food,National,355.634,129.7650544178448,29.765054417844773
2023-11-01,2023,11,Meats,whole_food,National,356.661,130.13978999117896,30.139789991178944
2023-12-01,2023,12,Meats,whole_food,National,355.873,129.85226162527113,29.85226162527112
2024-01-01,2024,1,Meats,whole_food,National,355.454,129.6993753494902,29.699375349490193
2024-02-01,2024,2,Meats,whole_food,National,357.308,130.37586975354233,30.37586975354234
2024-03-01,2024,3,Meats,whole_food,National,354.08,129.1980251277169,29.198025127716903
2024-04-01,2024,4,Meats,whole_food,National,356.066,129.92268418189573,29.922684181895743
2024-05-01,2024,5,Meats,whole_food,National,356.542,130.0963688293223,30.096368829322294
2024-06-01,2024,6,Meats,whole_food,National,356.175,129.9624565066216,29.96245650662159
2024-07-01,2024,7,Meats,whole_food,National,355.024,129.54247535286535,29.54247535286536
2024-08-01,2024,8,Meats,whole_food,National,354.916,129.5030679118526,29.503067911852614
2024-09-01,2024,9,Meats,whole_food,National,355.734,129.80154278915285,29.801542789152858
2024-10-01,2024,10,Meats,whole_food,National,358.983,130.987049972953,30.987049972953002
2024-11-01,2024,11,Meats,whole_food,National,354.815,129.46621465683143,29.466214656831436
2024-12-01,2024,12,Meats,whole_food,National,358.485,130.8053378838387,30.805337883838675
2015-01-01,2015,1,Other_Processed,processed_food,National,207.886,99.31085219688504,-0.689147803114965
2015-02-01,2015,2,Other_Processed,processed_food,National,208.852,99.77232763641531,-0.22767236358468526
2015-03-01,2015,3,Other_Processed,processed_food,National,208.471,99.59031713697325,-0.4096828630267508
2015-04-01,2015,4,Other_Processed,processed_food,National,208.063,99.39540825568095,-0.6045917443190486
2015-05-01,2015,5,Other_Processed,processed_food,National,208.84,99.76659502225966,-0.23340497774034108
2015-06-01,2015,6,Other_Processed,processed_food,National,209.389,100.02886211988091,0.028862119880905843
2015-07-01,2015,7,Other_Processed,processed_food,National,209.344,100.00736481679719,0.007364816797189735
2015-08-01,2015,8,Other_Processed,processed_food,National,209.781,100.21612751563231,0.21612751563232022
2015-09-01,2015,9,Other_Processed,processed_food,National,210.586,100.60069038190755,0.6006903819075534
2015-10-01,2015,10,Other_Processed,processed_food,National,210.974,100.78604490627374,0.78604490627374
2015-11-01,2015,11,Other_Processed,processed_food,National,210.089,100.36326461229415,0.36326461229414386
2015-12-01,2015,12,Other_Processed,processed_food,National,209.668,100.1621453989999,0.16214539899989686
2016-01-01,2016,1,Other_Processed,processed_food,National,209.557,100.10911871806007,0.10911871806007373
2016-02-01,2016,2,Other_Processed,processed_food,National,209.32,99.99589958848588,-0.004100411514121904
2016-03-01,2016,3,Other_Processed,processed_food,National,209.736,100.1946302125486,0.1946302125486041
2016-04-01,2016,4,Other_Processed,processed_food,National,210.227,100.42918967508419,0.4291896750841857
2016-05-01,2016,5,Other_Processed,processed_food,National,209.814,100.23189220456037,0.23189220456036694
2016-06-01,2016,6,Other_Processed,processed_food,National,209.96,100.30163901012085,0.3016390101208506
2016-07-01,2016,7,Other_Processed,processed_food,National,209.661,100.15880137407575,0.15880137407576203
2016-08-01,2016,8,Other_Processed,processed_food,National,209.731,100.19224162331707,0.1922416233170831
2016-09-01,2016,9,Other_Processed,processed_food,National,209.339,100.00497622756568,0.00497622756566874
2016-10-01,2016,10,Other_Processed,processed_food,National,209.374,100.02169635218634,0.02169635218632928
2016-11-01,2016,11,Other_Processed,processed_food,National,208.408,99.56022091265605,-0.4397790873439506
2016-12-01,2016,12,Other_Processed,processed_food,National,209.109,99.8951011229156,-0.10489887708439206
2017-01-01,2017,1,Other_Processed,processed_food,National,209.691,100.1731329094649,0.1731329094649016
2017-02-01,2017,2,Other_Processed,processed_food,National,208.942,99.81532224258274,-0.1846777574172666
2017-03-01,2017,3,Other_Processed,processed_food,National,209.984,100.31310423843216,0.31310423843216223
2017-04-01,2017,4,Other_Processed,processed_food,National,209.898,100.27202050364996,0.27202050364995767
2017-05-01,2017,5,Other_Processed,processed_food,National,210.219,100.42536793231373,0.42536793231374403
2017-06-01,2017,6,Other_Processed,processed_food,National,209.742,100.19749651962644,0.19749651962643203
2017-07-01,2017,7,Other_Processed,processed_food,National,209.919,100.28205257842235,0.28205257842236214
2017-08-01,2017,8,Other_Processed,processed_food,National,209.803,100.22663730825101,0.22663730825101805
2017-09-01,2017,9,Other_Processed,processed_food,National,210.055,100.34702220551979,0.34702220551979024
2017-10-01,2017,10,Other_Processed,processed_food,National,209.684,100.16978888454075,0.16978888454076677
2017-11-01,2017,11,Other_Processed,processed_food,National,210.266,100.44782067109006,0.4478206710900604
2017-12-01,2017,12,Other_Processed,processed_food,National,210.191,100.41199183261722,0.41199183261721833
2018-01-01,2018,1,Other_Processed,processed_food,National,210.735,100.67187034100695,0.6718703410069442
2018-02-01,2018,2,Other_Processed,processed_food,National,210.388,100.50610224833922,0.5061022483392325
2018-03-01,2018,3,Other_Processed,processed_food,National,209.911,100.27823083565193,0.2782308356519204
2018-04-01,2018,4,Other_Processed,processed_food,National,209.883,100.2648547359554,0.26485473595539466
2018-05-01,2018,5,Other_Processed,processed_food,National,209.875,100.26103299318495,0.261032993184953
2018-06-01,2018,6,Other_Processed,processed_food,National,209.747,100.19988510885796,0.1998851088579666
2018-07-01,2018,7,Other_Processed,processed_food,National,209.774,100.21278349070819,0.2127834907081854
2018-08-01,2018,8,Other_Processed,processed_food,National,209.637,100.14733614576446,0.1473361457644504
2018-09-01,2018,9,Other_Processed,processed_food,National,210.348,100.48699353448704,0.48699353448705085
2018-10-01,2018,10,Other_Processed,processed_food,National,210.163,100.39861573292069,0.39861573292069263
2018-11-01,2018,11,Other_Processed,processed_food,National,211.304,100.94369179555427,0.9436917955542752
2018-12-01,2018,12,Other_Processed,processed_food,National,210.875,100.73875083948958,0.7387508394895864
2019-01-01,2019,1,Other_Processed,processed_food,National,211.182,100.88541021830511,0.8854102183051031
2019-02-01,2019,2,Other_Processed,processed_food,National,211.568,101.06980930697871,1.0698093069787034
2019-03-01,2019,3,Other_Processed,processed_food,National,211.435,101.00627283342018,1.0062728334201823
2019-04-01,2019,4,Other_Processed,processed_food,National,210.265,100.44734295324376,0.4473429532437535
2019-05-01,2019,5,Other_Processed,processed_food,National,210.389,100.50657996618556,0.5065799661855394
2019-06-01,2019,6,Other_Processed,processed_food,National,211.621,101.09512835283286,1.0951283528328475
2019-07-01,2019,7,Other_Processed,processed_food,National,210.059,100.348933076905,0.3489330769050043
2019-08-01,2019,8,Other_Processed,processed_food,National,210.364,100.49463702002792,0.49463702002792076
2019-09-01,2019,9,Other_Processed,processed_food,National,211.322,100.95229071678776,0.9522907167877589
2019-10-01,2019,10,Other_Processed,processed_food,National,211.378,100.9790429161808,0.9790429161808103
2019-11-01,2019,11,Other_Processed,processed_food,National,211.969,101.26137416334686,1.2613741633468527
2019-12-01,2019,12,Other_Processed,processed_food,National,211.524,101.0487897217413,1.048789721741294
2020-01-01,2020,1,Other_Processed,processed_food,National,211.796,101.17872897593617,1.1787289759361501
2020-02-01,2020,2,Other_Processed,processed_food,National,213.503,101.99419333957816,1.9941933395781566
2020-03-01,2020,3,Other_Processed,processed_food,National,214.334,102.39117686985733,2.3911768698573153
2020-04-01,2020,4,Other_Processed,processed_food,National,218.519,104.39042605664221,4.390426056642208
2020-05-01,2020,5,Other_Processed,processed_food,National,218.668,104.4616060157416,4.461606015741598
2020-06-01,2020,6,Other_Processed,processed_food,National,218.78,104.51511041452773,4.515110414527715
2020-07-01,2020,7,Other_Processed,processed_food,National,218.38,104.32402327600585,4.324023276005859
2020-08-01,2020,8,Other_Processed,processed_food,National,219.355,104.78979817615289,4.789798176152874
2020-09-01,2020,9,Other_Processed,processed_food,National,218.16,104.21892534981885,4.218925349818839
2020-10-01,2020,10,Other_Processed,processed_food,National,218.621,104.43915327696529,4.439153276965282
2020-11-01,2020,11,Other_Processed,processed_food,National,217.945,104.11621601286333,4.116216012863342
2020-12-01,2020,12,Other_Processed,processed_food,National,219.719,104.96368747220777,4.963687472207763
2021-01-01,2021,1,Other_Processed,processed_food,National,218.923,104.58342406654928,4.583424066549278
2021-02-01,2021,2,Other_Processed,processed_food,National,219.476,104.84760203555574,4.847602035555738
2021-03-01,2021,3,Other_Processed,processed_food,National,219.016,104.62785182625561,4.627851826255604
2021-04-01,2021,4,Other_Processed,processed_food,National,219.536,104.87626510633402,4.876265106334018
2021-05-01,2021,5,Other_Processed,processed_food,National,219.433,104.82706016816464,4.827060168164636
2021-06-01,2021,6,Other_Processed,processed_food,National,219.649,104.93024722296644,4.930247222966441
2021-07-01,2021,7,Other_Processed,processed_food,National,221.145,105.64491312103819,5.6449131210381776
2021-08-01,2021,8,Other_Processed,processed_food,National,222.498,106.29126536708833,6.291265367088338
2021-09-01,2021,9,Other_Processed,processed_food,National,224.89,107.43396645544902,7.433966455449018
2021-10-01,2021,10,Other_Processed,processed_food,National,227.382,108.62443932844018,8.624439328440173
2021-11-01,2021,11,Other_Processed,processed_food,National,230.476,110.1024983449067,10.102498344906707
2021-12-01,2021,12,Other_Processed,processed_food,National,232.125,110.89025507346304,10.890255073463049
2022-01-01,2022,1,Other_Processed,processed_food,National,235.156,112.33821786561239,12.338217865612396
2022-02-01,2022,2,Other_Processed,processed_food,National,237.582,113.49716136074744,13.49716136074743
2022-03-01,2022,3,Other_Processed,processed_food,National,241.556,115.39561208196206,15.395612081962051
2022-04-01,2022,4,Other_Processed,processed_food,National,243.654,116.39786412350917,16.397864123509166
2022-05-01,2022,5,Other_Processed,processed_food,National,247.102,118.04503525756755,18.045035257567545
2022-06-01,2022,6,Other_Processed,processed_food,National,251.358,120.07820241144007,20.078202411440067
2022-07-01,2022,7,Other_Processed,processed_food,National,256.116,122.35118392415751,22.351183924157503
2022-08-01,2022,8,Other_Processed,processed_food,National,259.456,123.94676153081498,23.946761530814996
2022-09-01,2022,9,Other_Processed,processed_food,National,260.206,124.30504991554348,24.30504991554347
2022-10-01,2022,10,Other_Processed,processed_food,National,262.306,125.30825739278318,25.308257392783183
2022-11-01,2022,11,Other_Processed,processed_food,National,262.661,125.47784722822132,25.477847228221336
2022-12-01,2022,12,Other_Processed,processed_food,National,264.569,126.38933287897058,26.389332878970585
2023-01-01,2023,1,Other_Processed,processed_food,National,266.008,127.07676885980294,27.076768859802936
2023-02-01,2023,2,Other_Processed,processed_food,National,267.126,127.61085741197151,27.610857411971512
2023-03-01,2023,3,Other_Processed,processed_food,National,268.322,128.18220795615187,28.182207956151867
2023-04-01,2023,4,Other_Processed,processed_food,National,269.037,128.52377621625968,28.523776216259666
2023-05-01,2023,5,Other_Processed,processed_food,National,269.86,128.9169380037684,28.9169380037684
2023-06-01,2023,6,Other_Processed,processed_food,National,269.282,128.6408170886043,28.640817088604305
2023-07-01,2023,7,Other_Processed,processed_food,National,269.996,128.9819076308658,28.981907630865816
2023-08-01,2023,8,Other_Processed,processed_food,National,271.023,129.47252385902067,29.472523859020693
2023-09-01,2023,9,Other_Processed,processed_food,National,271.134,129.5255505399605,29.525550539960506
2023-10-01,2023,10,Other_Processed,processed_food,National,271.652,129.7730083843463,29.77300838434629
2023-11-01,2023,11,Other_Processed,processed_food,National,271.49,129.69561809324495,29.695618093244953
2023-12-01,2023,12,Other_Processed,processed_food,National,271.86,129.87237369637768,29.872373696377668
2024-01-01,2024,1,Other_Processed,processed_food,National,272.799,130.3209507540577,30.3209507540577
2024-02-01,2024,2,Other_Processed,processed_food,National,273.241,130.53210204212436,30.532102042124354
2024-03-01,2024,3,Other_Processed,processed_food,National,272.142,130.00709012903556,30.007090129035564
2024-04-01,2024,4,Other_Processed,processed_food,National,272.716,130.28130017281444,30.28130017281443
2024-05-01,2024,5,Other_Processed,processed_food,National,272.686,130.2669686374253,30.26696863742528
2024-06-01,2024,6,Other_Processed,processed_food,National,273.598,130.7026473132551,30.70264731325512
2024-07-01,2024,7,Other_Processed,processed_food,National,272.396,130.12843046199697,30.128430461996953
2024-08-01,2024,8,Other_Processed,processed_food,National,271.915,129.89864817792443,29.898648177924425
2024-09-01,2024,9,Other_Processed,processed_food,National,272.17,130.02046622873212,30.0204662287321
2024-10-01,2024,10,Other_Processed,processed_food,National,272.664,130.2564588448066,30.256458844806577
2024-11-01,2024,11,Other_Processed,processed_food,National,273.351,130.58465100521786,30.584651005217868
2024-12-01,2024,12,Other_Processed,processed_food,National,274.038,130.91284316562917,30.912843165629155
2015-01-01,2015,1,Sweets,processed_food,National,214.024,99.03112305589347,-0.9688769441065184
2015-02-01,2015,2,Sweets,processed_food,National,216.65,100.24620047312133,0.24620047312134738
2015-03-01,2015,3,Sweets,processed_food,National,216.216,100.04538417491995,0.045384174919942274
2015-04-01,2015,4,Sweets,processed_food,National,214.157,99.09266353437457,-0.9073364656254378
2015-05-01,2015,5,Sweets,processed_food,National,216.413,100.13653811673026,0.13653811673025928
2015-06-01,2015,6,Sweets,processed_food,National,215.925,99.91073545884481,-0.08926454115519271
2015-07-01,2015,7,Sweets,processed_food,National,216.926,100.3739085337287,0.37390853372868493
2015-08-01,2015,8,Sweets,processed_food,National,217.194,100.49791491141988,0.4979149114198762
2015-09-01,2015,9,Sweets,processed_food,National,218.193,100.96016256557473,0.960162565574737
2015-10-01,2015,10,Sweets,processed_food,National,216.697,100.26794786025374,0.26794786025375633
2015-11-01,2015,11,Sweets,processed_food,National,215.569,99.7460105690759,-0.25398943092409876
2015-12-01,2015,12,Sweets,processed_food,National,215.451,99.69141074606262,-0.308589253937382
2016-01-01,2016,1,Sweets,processed_food,National,215.261,99.60349577680394,-0.39650422319606116
2016-02-01,2016,2,Sweets,processed_food,National,215.325,99.63310924013318,-0.3668907598668248
2016-03-01,2016,3,Sweets,processed_food,National,215.343,99.64143802669453,-0.3585619733054758
2016-04-01,2016,4,Sweets,processed_food,National,216.681,100.26054449442145,0.26054449442145056
2016-05-01,2016,5,Sweets,processed_food,National,215.596,99.75850374891793,-0.24149625108206874
2016-06-01,2016,6,Sweets,processed_food,National,215.527,99.7265767337661,-0.273423266233913
2016-07-01,2016,7,Sweets,processed_food,National,215.47,99.7002022429885,-0.2997977570115115
2016-08-01,2016,8,Sweets,processed_food,National,215.865,99.88297283697365,-0.11702716302635591
2016-09-01,2016,9,Sweets,processed_food,National,216.173,100.02548762924562,0.02548762924560645
2016-10-01,2016,10,Sweets,processed_food,National,214.893,99.43321836266081,-0.5667816373391867
2016-11-01,2016,11,Sweets,processed_food,National,213.867,98.95847752866393,-1.0415224713360645
2016-12-01,2016,12,Sweets,processed_food,National,213.943,98.99364351636741,-1.0063564836325822
2017-01-01,2017,1,Sweets,processed_food,National,214.976,99.47162332291593,-0.5283766770840798
2017-02-01,2017,2,Sweets,processed_food,National,213.745,98.90202686419258,-1.097973135807421
2017-03-01,2017,3,Sweets,processed_food,National,214.636,99.31430179897933,-0.6856982010206669
2017-04-01,2017,4,Sweets,processed_food,National,214.014,99.0264959522483,-0.973504047751708
2017-05-01,2017,5,Sweets,processed_food,National,214.418,99.21343093951411,-0.7865690604858845
2017-06-01,2017,6,Sweets,processed_food,National,215.648,99.78256468787293,-0.21743531212706502
2017-07-01,2017,7,Sweets,processed_food,National,216.592,100.21936327197922,0.2193632719792273
2017-08-01,2017,8,Sweets,processed_food,National,216.24,100.05648922366841,0.05648922366840756
2017-09-01,2017,9,Sweets,processed_food,National,215.8,99.85289666327989,-0.14710333672011386
2017-10-01,2017,10,Sweets,processed_food,National,214.78,99.38093209147011,-0.6190679085298751
2017-11-01,2017,11,Sweets,processed_food,National,214.994,99.47995210947727,-0.5200478905227308
2017-12-01,2017,12,Sweets,processed_food,National,214.975,99.4711606125514,-0.5288393874486014
2018-01-01,2018,1,Sweets,processed_food,National,217.689,100.72695654185696,0.7269565418569661
2018-02-01,2018,2,Sweets,processed_food,National,217.059,100.43544901220977,0.43544901220976556
2018-03-01,2018,3,Sweets,processed_food,National,217.177,100.49004883522305,0.4900488352230488
2018-04-01,2018,4,Sweets,processed_food,National,215.453,99.69233616679166,-0.30766383320833884
2018-05-01,2018,5,Sweets,processed_food,National,215.44,99.68632093205291,-0.3136790679470931
2018-06-01,2018,6,Sweets,processed_food,National,215.968,99.93063200451913,-0.06936799548087003
2018-07-01,2018,7,Sweets,processed_food,National,214.285,99.15189046103303,-0.8481095389669652
2018-08-01,2018,8,Sweets,processed_food,National,214.046,99.0413026839129,-0.9586973160870963
2018-09-01,2018,9,Sweets,processed_food,National,216.771,100.30218842722817,0.3021884272281822
2018-10-01,2018,10,Sweets,processed_food,National,215.318,99.62987026758155,-0.37012973241844954
2018-11-01,2018,11,Sweets,processed_food,National,216.037,99.96255901967098,-0.03744098032902577
2018-12-01,2018,12,Sweets,processed_food,National,214.957,99.46283182599005,-0.5371681740099503
2019-01-01,2019,1,Sweets,processed_food,National,217.745,100.75286832227006,0.7528683222700562
2019-02-01,2019,2,Sweets,processed_food,National,218.293,101.00643360202668,1.0064336020266713
2019-03-01,2019,3,Sweets,processed_food,National,220.618,102.08223519953421,2.0822351995341997
2019-04-01,2019,4,Sweets,processed_food,National,217.498,100.63857886223377,0.6385788622337655
2019-05-01,2019,5,Sweets,processed_food,National,217.744,100.75240561190553,0.7524056119055346
2019-06-01,2019,6,Sweets,processed_food,National,220.473,102.01514219667891,2.0151421966788994
2019-07-01,2019,7,Sweets,processed_food,National,219.552,101.58898595095656,1.5889859509565507
2019-08-01,2019,8,Sweets,processed_food,National,219.893,101.74677018525766,1.7467701852576596
2019-09-01,2019,9,Sweets,processed_food,National,223.481,103.40697497315314,3.406974973153153
2019-10-01,2019,10,Sweets,processed_food,National,223.642,103.48147134184077,3.481471341840772
2019-11-01,2019,11,Sweets,processed_food,National,223.429,103.38291403419815,3.38291403419815
2019-12-01,2019,12,Sweets,processed_food,National,220.581,102.06511491604698,2.06511491604698
2020-01-01,2020,1,Sweets,processed_food,National,224.796,104.01543910249613,4.015439102496123
2020-02-01,2020,2,Sweets,processed_food,National,224.16,103.72115531066181,3.7211553106618065
2020-03-01,2020,3,Sweets,processed_food,National,225.805,104.48231386029619,4.482313860296173
2020-04-01,2020,4,Sweets,processed_food,National,227.755,105.38459907110894,5.384599071108938
2020-05-01,2020,5,Sweets,processed_food,National,229.24,106.07172396242022,6.071723962420208
2020-06-01,2020,6,Sweets,processed_food,National,226.922,104.9991613374643,4.9991613374643045
2020-07-01,2020,7,Sweets,processed_food,National,225.532,104.35599393078239,4.355993930782387
2020-08-01,2020,8,Sweets,processed_food,National,227.252,105.1518557577557,5.151855757755701
2020-09-01,2020,9,Sweets,processed_food,National,227.855,105.43087010756086,5.430870107560872
2020-10-01,2020,10,Sweets,processed_food,National,230.092,106.4659531929907,6.465953192990711
2020-11-01,2020,11,Sweets,processed_food,National,230.249,106.53859872022025,6.538598720220244
2020-12-01,2020,12,Sweets,processed_food,National,231.476,107.10634433748551,7.106344337485512
2021-01-01,2021,1,Sweets,processed_food,National,231.039,106.90413990819054,6.904139908190543
2021-02-01,2021,2,Sweets,processed_food,National,230.689,106.74219128060875,6.742191280608766
2021-03-01,2021,3,Sweets,processed_food,National,231.918,107.31086231860307,7.3108623186030774
2021-04-01,2021,4,Sweets,processed_food,National,232.377,107.52324637591745,7.52324637591747
2021-05-01,2021,5,Sweets,processed_food,National,234.001,108.27468800789693,8.274688007896923
2021-06-01,2021,6,Sweets,processed_food,National,232.917,107.77310997275794,7.773109972757925
2021-07-01,2021,7,Sweets,processed_food,National,233.973,108.26173211769039,8.261732117690384
2021-08-01,2021,8,Sweets,processed_food,National,234.399,108.45884673297563,8.45884673297563
2021-09-01,2021,9,Sweets,processed_food,National,234.302,108.41396382761725,8.413963827617248
2021-10-01,2021,10,Sweets,processed_food,National,235.592,109.01086019784725,9.010860197847242
2021-11-01,2021,11,Sweets,processed_food,National,239.128,110.64700404678771,10.64700404678772
2021-12-01,2021,12,Sweets,processed_food,National,242.029,111.98932681425842,11.989326814258416
2022-01-01,2022,1,Sweets,processed_food,National,243.621,112.72596171457326,12.725961714573256
2022-02-01,2022,2,Sweets,processed_food,National,246.885,114.23624834436448,14.23624834436447
2022-03-01,2022,3,Sweets,processed_food,National,250.555,115.93439538215056,15.934395382150562
2022-04-01,2022,4,Sweets,processed_food,National,250.993,116.13706252181004,16.137062521810037
2022-05-01,2022,5,Sweets,processed_food,National,252.863,117.00233090346126,17.002330903461264
2022-06-01,2022,6,Sweets,processed_food,National,254.869,117.93052789468712,17.930527894687117
2022-07-01,2022,7,Sweets,processed_food,National,260.703,120.62998016129312,20.62998016129311
2022-08-01,2022,8,Sweets,processed_food,National,264.198,122.24715288528832,22.247152885288305
2022-09-01,2022,9,Sweets,processed_food,National,267.962,123.98879469733922,23.988794697339213
2022-10-01,2022,10,Sweets,processed_food,National,270.652,125.2334855778963,25.233485577896314
2022-11-01,2022,11,Sweets,processed_food,National,270.434,125.13261471843111,25.132614718431114
2022-12-01,2022,12,Sweets,processed_food,National,271.606,125.67491126564781,25.674911265647797
2023-01-01,2023,1,Sweets,processed_food,National,273.782,126.68176901884193,26.68176901884194
2023-02-01,2023,2,Sweets,processed_food,National,275.701,127.56971020835464,27.569710208354625
2023-03-01,2023,3,Sweets,processed_food,National,275.641,127.54194758648347,27.541947586483463
2023-04-01,2023,4,Sweets,processed_food,National,277.238,128.28089603862088,28.280896038620888
2023-05-01,2023,5,Sweets,processed_food,National,278.769,128.98930560670004,28.989305606700043
2023-06-01,2023,6,Sweets,processed_food,National,282.858,130.88132828721973,30.881328287219745
2023-07-01,2023,7,Sweets,processed_food,National,284.009,131.41390791678154,31.413907916781543
2023-08-01,2023,8,Sweets,processed_food,National,285.246,131.98628063769198,31.986280637691987
2023-09-01,2023,9,Sweets,processed_food,National,285.37,132.0436567228924,32.0436567228924
2023-10-01,2023,10,Sweets,processed_food,National,284.755,131.759089848713,31.759089848712986
2023-11-01,2023,11,Sweets,processed_food,National,285.104,131.92057576593024,31.920575765930238
2023-12-01,2023,12,Sweets,processed_food,National,285.7,132.1963511431838,32.19635114318379
2024-01-01,2024,1,Sweets,processed_food,National,285.985,132.32822359707183,32.32822359707181
2024-02-01,2024,2,Sweets,processed_food,National,289.108,133.7732680654658,33.7732680654658
2024-03-01,2024,3,Sweets,processed_food,National,287.477,133.0185874609347,33.018587460934704
2024-04-01,2024,4,Sweets,processed_food,National,289.151,133.79316461114016,33.793164611140135
2024-05-01,2024,5,Sweets,processed_food,National,289.748,134.0694026987582,34.069402698758196
2024-06-01,2024,6,Sweets,processed_food,National,288.659,133.5655111117966,33.565511111796596
2024-07-01,2024,7,Sweets,processed_food,National,289.043,133.74319189177203,33.74319189177204
2024-08-01,2024,8,Sweets,processed_food,National,290.539,134.43540659709302,34.43540659709301
2024-09-01,2024,9,Sweets,processed_food,National,287.82,133.17729711596485,33.17729711596485
2024-10-01,2024,10,Sweets,processed_food,National,291.112,134.70053963596263,34.70053963596263
2024-11-01,2024,11,Sweets,processed_food,National,292.529,135.35620022248656,35.356200222486564
2024-12-01,2024,12,Sweets,processed_food,National,294.529,136.2816209515253,36.2816209515253
